Indicator,Group,State,Subgroup,Week,Week Label,Value,Low CI,High CI,Confidence Interval,Quartile range
Symptoms of Depressive Disorder,National Estimate,United States,United States,1,Apr 23 - May 5,23.5,22.7,24.3,22.7 - 24.3,
Symptoms of Depressive Disorder,By Age,United States,18 - 29 years,1,Apr 23 - May 5,32.7,30.2,35.2,30.2 - 35.2,
Symptoms of Depressive Disorder,By Age,United States,30 - 39 years,1,Apr 23 - May 5,25.7,24.1,27.3,24.1 - 27.3,
Symptoms of Depressive Disorder,By Age,United States,40 - 49 years,1,Apr 23 - May 5,24.8,23.3,26.2,23.3 - 26.2,
Symptoms of Depressive Disorder,By Age,United States,50 - 59 years,1,Apr 23 - May 5,23.2,21.5,25.0,21.5 - 25.0,
Symptoms of Depressive Disorder,By Age,United States,60 - 69 years,1,Apr 23 - May 5,18.4,17.0,19.7,17.0 - 19.7,
Symptoms of Depressive Disorder,By Age,United States,70 - 79 years,1,Apr 23 - May 5,13.6,11.8,15.5,11.8 - 15.5,
Symptoms of Depressive Disorder,By Age,United States,80 years and above,1,Apr 23 - May 5,14.4,9.0,21.4,9.0 - 21.4,
Symptoms of Depressive Disorder,By Gender,United States,Male,1,Apr 23 - May 5,20.8,19.6,22.0,19.6 - 22.0,
Symptoms of Depressive Disorder,By Gender,United States,Female,1,Apr 23 - May 5,26.1,25.2,27.1,25.2 - 27.1,
Symptoms of Depressive Disorder,By Race/Hispanic ethnicity,United States,Hispanic or Latino,1,Apr 23 - May 5,29.4,26.8,32.1,26.8 - 32.1,
Symptoms of Depressive Disorder,By Race/Hispanic ethnicity,United States,"Non-Hispanic white, single race",1,Apr 23 - May 5,21.4,20.6,22.1,20.6 - 22.1,
Symptoms of Depressive Disorder,By Race/Hispanic ethnicity,United States,"Non-Hispanic black, single race",1,Apr 23 - May 5,25.6,23.7,27.5,23.7 - 27.5,
Symptoms of Depressive Disorder,By Race/Hispanic ethnicity,United States,"Non-Hispanic Asian, single race",1,Apr 23 - May 5,23.6,20.3,27.1,20.3 - 27.1,
Symptoms of Depressive Disorder,By Race/Hispanic ethnicity,United States,"Non-Hispanic, other races and multiple races",1,Apr 23 - May 5,28.3,24.8,32.0,24.8 - 32.0,
Symptoms of Depressive Disorder,By Education,United States,Less than a high school diploma,1,Apr 23 - May 5,32.7,27.8,38.0,27.8 - 38.0,
Symptoms of Depressive Disorder,By Education,United States,High school diploma or GED,1,Apr 23 - May 5,25.4,23.9,26.9,23.9 - 26.9,
Symptoms of Depressive Disorder,By Education,United States,Some college/Associate's degree,1,Apr 23 - May 5,25.6,24.4,26.9,24.4 - 26.9,
Symptoms of Depressive Disorder,By Education,United States,Bachelor's degree or higher,1,Apr 23 - May 5,17.6,16.8,18.4,16.8 - 18.4,
Symptoms of Depressive Disorder,By State,Alabama,Alabama,1,Apr 23 - May 5,18.6,14.6,23.1,14.6 - 23.1,16.5 - 20.7
Symptoms of Depressive Disorder,By State,Alaska,Alaska,1,Apr 23 - May 5,19.2,16.8,21.8,16.8 - 21.8,16.5 - 20.7
Symptoms of Depressive Disorder,By State,Arizona,Arizona,1,Apr 23 - May 5,22.4,19.4,25.5,19.4 - 25.5,22.2 - 24.0
Symptoms of Depressive Disorder,By State,Arkansas,Arkansas,1,Apr 23 - May 5,26.6,22.3,31.3,22.3 - 31.3,24.1 - 28.7
Symptoms of Depressive Disorder,By State,California,California,1,Apr 23 - May 5,25.4,22.5,28.6,22.5 - 28.6,24.1 - 28.7
Symptoms of Depressive Disorder,By State,Colorado,Colorado,1,Apr 23 - May 5,22.0,19.4,24.9,19.4 - 24.9,20.8 - 22.1
Symptoms of Depressive Disorder,By State,Connecticut,Connecticut,1,Apr 23 - May 5,24.4,20.1,29.1,20.1 - 29.1,24.1 - 28.7
Symptoms of Depressive Disorder,By State,Delaware,Delaware,1,Apr 23 - May 5,21.1,17.6,24.9,17.6 - 24.9,20.8 - 22.1
Symptoms of Depressive Disorder,By State,District of Columbia,District of Columbia,1,Apr 23 - May 5,26.4,22.1,31.1,22.1 - 31.1,24.1 - 28.7
Symptoms of Depressive Disorder,By State,Florida,Florida,1,Apr 23 - May 5,22.5,19.7,25.4,19.7 - 25.4,22.2 - 24.0
Symptoms of Depressive Disorder,By State,Georgia,Georgia,1,Apr 23 - May 5,25.6,21.4,30.2,21.4 - 30.2,24.1 - 28.7
Symptoms of Depressive Disorder,By State,Hawaii,Hawaii,1,Apr 23 - May 5,20.0,14.9,26.1,14.9 - 26.1,16.5 - 20.7
Symptoms of Depressive Disorder,By State,Idaho,Idaho,1,Apr 23 - May 5,20.6,17.3,24.1,17.3 - 24.1,16.5 - 20.7
Symptoms of Depressive Disorder,By State,Illinois,Illinois,1,Apr 23 - May 5,23.3,19.6,27.2,19.6 - 27.2,22.2 - 24.0
Symptoms of Depressive Disorder,By State,Indiana,Indiana,1,Apr 23 - May 5,26.4,22.1,31.0,22.1 - 31.0,24.1 - 28.7
Symptoms of Depressive Disorder,By State,Iowa,Iowa,1,Apr 23 - May 5,16.5,13.7,19.6,13.7 - 19.6,16.5 - 20.7
Symptoms of Depressive Disorder,By State,Kansas,Kansas,1,Apr 23 - May 5,22.1,18.3,26.4,18.3 - 26.4,20.8 - 22.1
Symptoms of Depressive Disorder,By State,Kentucky,Kentucky,1,Apr 23 - May 5,23.2,19.4,27.4,19.4 - 27.4,22.2 - 24.0
Symptoms of Depressive Disorder,By State,Louisiana,Louisiana,1,Apr 23 - May 5,28.1,24.1,32.4,24.1 - 32.4,24.1 - 28.7
Symptoms of Depressive Disorder,By State,Maine,Maine,1,Apr 23 - May 5,19.5,16.0,23.5,16.0 - 23.5,16.5 - 20.7
Symptoms of Depressive Disorder,By State,Maryland,Maryland,1,Apr 23 - May 5,20.9,17.9,24.1,17.9 - 24.1,20.8 - 22.1
Symptoms of Depressive Disorder,By State,Massachusetts,Massachusetts,1,Apr 23 - May 5,25.9,22.7,29.4,22.7 - 29.4,24.1 - 28.7
Symptoms of Depressive Disorder,By State,Michigan,Michigan,1,Apr 23 - May 5,25.5,22.0,29.4,22.0 - 29.4,24.1 - 28.7
Symptoms of Depressive Disorder,By State,Minnesota,Minnesota,1,Apr 23 - May 5,20.4,17.7,23.4,17.7 - 23.4,16.5 - 20.7
Symptoms of Depressive Disorder,By State,Mississippi,Mississippi,1,Apr 23 - May 5,22.9,18.7,27.6,18.7 - 27.6,22.2 - 24.0
Symptoms of Depressive Disorder,By State,Missouri,Missouri,1,Apr 23 - May 5,21.0,17.9,24.5,17.9 - 24.5,20.8 - 22.1
Symptoms of Depressive Disorder,By State,Montana,Montana,1,Apr 23 - May 5,18.2,14.9,21.8,14.9 - 21.8,16.5 - 20.7
Symptoms of Depressive Disorder,By State,Nebraska,Nebraska,1,Apr 23 - May 5,19.1,15.3,23.3,15.3 - 23.3,16.5 - 20.7
Symptoms of Depressive Disorder,By State,Nevada,Nevada,1,Apr 23 - May 5,23.6,19.1,28.7,19.1 - 28.7,22.2 - 24.0
Symptoms of Depressive Disorder,By State,New Hampshire,New Hampshire,1,Apr 23 - May 5,19.5,16.5,22.7,16.5 - 22.7,16.5 - 20.7
Symptoms of Depressive Disorder,By State,New Jersey,New Jersey,1,Apr 23 - May 5,23.6,20.4,27.0,20.4 - 27.0,22.2 - 24.0
Symptoms of Depressive Disorder,By State,New Mexico,New Mexico,1,Apr 23 - May 5,22.4,18.3,26.9,18.3 - 26.9,22.2 - 24.0
Symptoms of Depressive Disorder,By State,New York,New York,1,Apr 23 - May 5,28.7,24.6,33.1,24.6 - 33.1,24.1 - 28.7
Symptoms of Depressive Disorder,By State,North Carolina,North Carolina,1,Apr 23 - May 5,21.1,17.1,25.6,17.1 - 25.6,20.8 - 22.1
Symptoms of Depressive Disorder,By State,North Dakota,North Dakota,1,Apr 23 - May 5,17.0,13.7,20.7,13.7 - 20.7,16.5 - 20.7
Symptoms of Depressive Disorder,By State,Ohio,Ohio,1,Apr 23 - May 5,21.2,18.2,24.5,18.2 - 24.5,20.8 - 22.1
Symptoms of Depressive Disorder,By State,Oklahoma,Oklahoma,1,Apr 23 - May 5,20.8,16.4,25.7,16.4 - 25.7,20.8 - 22.1
Symptoms of Depressive Disorder,By State,Oregon,Oregon,1,Apr 23 - May 5,22.5,19.7,25.4,19.7 - 25.4,22.2 - 24.0
Symptoms of Depressive Disorder,By State,Pennsylvania,Pennsylvania,1,Apr 23 - May 5,24.7,21.6,28.1,21.6 - 28.1,24.1 - 28.7
Symptoms of Depressive Disorder,By State,Rhode Island,Rhode Island,1,Apr 23 - May 5,24.5,19.9,29.7,19.9 - 29.7,24.1 - 28.7
Symptoms of Depressive Disorder,By State,South Carolina,South Carolina,1,Apr 23 - May 5,21.6,17.9,25.7,17.9 - 25.7,20.8 - 22.1
Symptoms of Depressive Disorder,By State,South Dakota,South Dakota,1,Apr 23 - May 5,17.5,13.0,22.7,13.0 - 22.7,16.5 - 20.7
Symptoms of Depressive Disorder,By State,Tennessee,Tennessee,1,Apr 23 - May 5,22.2,17.2,27.8,17.2 - 27.8,22.2 - 24.0
Symptoms of Depressive Disorder,By State,Texas,Texas,1,Apr 23 - May 5,24.4,21.1,27.9,21.1 - 27.9,24.1 - 28.7
Symptoms of Depressive Disorder,By State,Utah,Utah,1,Apr 23 - May 5,22.9,20.0,26.0,20.0 - 26.0,22.2 - 24.0
Symptoms of Depressive Disorder,By State,Vermont,Vermont,1,Apr 23 - May 5,20.7,15.9,26.3,15.9 - 26.3,16.5 - 20.7
Symptoms of Depressive Disorder,By State,Virginia,Virginia,1,Apr 23 - May 5,21.5,18.0,25.3,18.0 - 25.3,20.8 - 22.1
Symptoms of Depressive Disorder,By State,Washington,Washington,1,Apr 23 - May 5,22.1,19.7,24.7,19.7 - 24.7,20.8 - 22.1
Symptoms of Depressive Disorder,By State,West Virginia,West Virginia,1,Apr 23 - May 5,23.4,19.5,27.6,19.5 - 27.6,22.2 - 24.0
Symptoms of Depressive Disorder,By State,Wisconsin,Wisconsin,1,Apr 23 - May 5,22.0,19.2,25.0,19.2 - 25.0,20.8 - 22.1
Symptoms of Depressive Disorder,By State,Wyoming,Wyoming,1,Apr 23 - May 5,18.9,15.3,22.9,15.3 - 22.9,16.5 - 20.7
Symptoms of Anxiety Disorder,National Estimate,United States,United States,1,Apr 23 - May 5,30.8,30.0,31.7,30.0 - 31.7,
Symptoms of Anxiety Disorder,By Age,United States,18 - 29 years,1,Apr 23 - May 5,40.2,38.1,42.4,38.1 - 42.4,
Symptoms of Anxiety Disorder,By Age,United States,30 - 39 years,1,Apr 23 - May 5,34.4,32.6,36.1,32.6 - 36.1,
Symptoms of Anxiety Disorder,By Age,United States,40 - 49 years,1,Apr 23 - May 5,34.1,32.1,36.2,32.1 - 36.2,
Symptoms of Anxiety Disorder,By Age,United States,50 - 59 years,1,Apr 23 - May 5,31.0,29.0,33.1,29.0 - 33.1,
Symptoms of Anxiety Disorder,By Age,United States,60 - 69 years,1,Apr 23 - May 5,24.9,23.6,26.3,23.6 - 26.3,
Symptoms of Anxiety Disorder,By Age,United States,70 - 79 years,1,Apr 23 - May 5,16.4,14.8,18.1,14.8 - 18.1,
Symptoms of Anxiety Disorder,By Age,United States,80 years and above,1,Apr 23 - May 5,14.6,11.5,18.2,11.5 - 18.2,
Symptoms of Anxiety Disorder,By Gender,United States,Male,1,Apr 23 - May 5,26.1,24.7,27.5,24.7 - 27.5,
Symptoms of Anxiety Disorder,By Gender,United States,Female,1,Apr 23 - May 5,35.4,34.5,36.3,34.5 - 36.3,
Symptoms of Anxiety Disorder,By Race/Hispanic ethnicity,United States,Hispanic or Latino,1,Apr 23 - May 5,36.3,33.4,39.2,33.4 - 39.2,
Symptoms of Anxiety Disorder,By Race/Hispanic ethnicity,United States,"Non-Hispanic white, single race",1,Apr 23 - May 5,29.0,28.2,29.9,28.2 - 29.9,
Symptoms of Anxiety Disorder,By Race/Hispanic ethnicity,United States,"Non-Hispanic black, single race",1,Apr 23 - May 5,32.8,30.3,35.5,30.3 - 35.5,
Symptoms of Anxiety Disorder,By Race/Hispanic ethnicity,United States,"Non-Hispanic Asian, single race",1,Apr 23 - May 5,26.3,23.6,29.1,23.6 - 29.1,
Symptoms of Anxiety Disorder,By Race/Hispanic ethnicity,United States,"Non-Hispanic, other races and multiple races",1,Apr 23 - May 5,38.2,34.3,42.3,34.3 - 42.3,
Symptoms of Anxiety Disorder,By Education,United States,Less than a high school diploma,1,Apr 23 - May 5,37.3,32.4,42.4,32.4 - 42.4,
Symptoms of Anxiety Disorder,By Education,United States,High school diploma or GED,1,Apr 23 - May 5,30.6,29.0,32.3,29.0 - 32.3,
Symptoms of Anxiety Disorder,By Education,United States,Some college/Associate's degree,1,Apr 23 - May 5,33.5,32.0,35.1,32.0 - 35.1,
Symptoms of Anxiety Disorder,By Education,United States,Bachelor's degree or higher,1,Apr 23 - May 5,27.0,26.3,27.8,26.3 - 27.8,
Symptoms of Anxiety Disorder,By State,Alabama,Alabama,1,Apr 23 - May 5,25.6,20.7,30.9,20.7 - 30.9,21.7 - 27.8
Symptoms of Anxiety Disorder,By State,Alaska,Alaska,1,Apr 23 - May 5,27.7,24.8,30.7,24.8 - 30.7,21.7 - 27.8
Symptoms of Anxiety Disorder,By State,Arizona,Arizona,1,Apr 23 - May 5,32.3,28.0,36.8,28.0 - 36.8,31.7 - 37.0
Symptoms of Anxiety Disorder,By State,Arkansas,Arkansas,1,Apr 23 - May 5,33.7,28.2,39.6,28.2 - 39.6,31.7 - 37.0
Symptoms of Anxiety Disorder,By State,California,California,1,Apr 23 - May 5,30.8,28.2,33.5,28.2 - 33.5,30.4 - 31.6
Symptoms of Anxiety Disorder,By State,Colorado,Colorado,1,Apr 23 - May 5,32.6,29.2,36.2,29.2 - 36.2,31.7 - 37.0
Symptoms of Anxiety Disorder,By State,Connecticut,Connecticut,1,Apr 23 - May 5,34.9,30.0,40.0,30.0 - 40.0,31.7 - 37.0
Symptoms of Anxiety Disorder,By State,Delaware,Delaware,1,Apr 23 - May 5,29.9,25.5,34.6,25.5 - 34.6,27.9 - 30.3
Symptoms of Anxiety Disorder,By State,District of Columbia,District of Columbia,1,Apr 23 - May 5,31.4,27.9,35.1,27.9 - 35.1,30.4 - 31.6
Symptoms of Anxiety Disorder,By State,Florida,Florida,1,Apr 23 - May 5,32.6,29.7,35.6,29.7 - 35.6,31.7 - 37.0
Symptoms of Anxiety Disorder,By State,Georgia,Georgia,1,Apr 23 - May 5,31.9,28.1,35.9,28.1 - 35.9,31.7 - 37.0
Symptoms of Anxiety Disorder,By State,Hawaii,Hawaii,1,Apr 23 - May 5,32.3,27.1,37.8,27.1 - 37.8,31.7 - 37.0
Symptoms of Anxiety Disorder,By State,Idaho,Idaho,1,Apr 23 - May 5,26.9,23.7,30.2,23.7 - 30.2,21.7 - 27.8
Symptoms of Anxiety Disorder,By State,Illinois,Illinois,1,Apr 23 - May 5,31.1,27.0,35.4,27.0 - 35.4,30.4 - 31.6
Symptoms of Anxiety Disorder,By State,Indiana,Indiana,1,Apr 23 - May 5,31.8,27.5,36.4,27.5 - 36.4,31.7 - 37.0
Symptoms of Anxiety Disorder,By State,Iowa,Iowa,1,Apr 23 - May 5,22.5,19.0,26.2,19.0 - 26.2,21.7 - 27.8
Symptoms of Anxiety Disorder,By State,Kansas,Kansas,1,Apr 23 - May 5,26.4,22.0,31.2,22.0 - 31.2,21.7 - 27.8
Symptoms of Anxiety Disorder,By State,Kentucky,Kentucky,1,Apr 23 - May 5,31.6,28.1,35.3,28.1 - 35.3,30.4 - 31.6
Symptoms of Anxiety Disorder,By State,Louisiana,Louisiana,1,Apr 23 - May 5,34.4,29.7,39.3,29.7 - 39.3,31.7 - 37.0
Symptoms of Anxiety Disorder,By State,Maine,Maine,1,Apr 23 - May 5,29.5,25.9,33.3,25.9 - 33.3,27.9 - 30.3
Symptoms of Anxiety Disorder,By State,Maryland,Maryland,1,Apr 23 - May 5,27.7,24.6,31.1,24.6 - 31.1,21.7 - 27.8
Symptoms of Anxiety Disorder,By State,Massachusetts,Massachusetts,1,Apr 23 - May 5,37.0,33.3,40.7,33.3 - 40.7,31.7 - 37.0
Symptoms of Anxiety Disorder,By State,Michigan,Michigan,1,Apr 23 - May 5,32.5,28.6,36.7,28.6 - 36.7,31.7 - 37.0
Symptoms of Anxiety Disorder,By State,Minnesota,Minnesota,1,Apr 23 - May 5,28.5,25.2,32.0,25.2 - 32.0,27.9 - 30.3
Symptoms of Anxiety Disorder,By State,Mississippi,Mississippi,1,Apr 23 - May 5,30.3,24.7,36.3,24.7 - 36.3,27.9 - 30.3
Symptoms of Anxiety Disorder,By State,Missouri,Missouri,1,Apr 23 - May 5,30.4,25.8,35.4,25.8 - 35.4,30.4 - 31.6
Symptoms of Anxiety Disorder,By State,Montana,Montana,1,Apr 23 - May 5,22.8,19.6,26.3,19.6 - 26.3,21.7 - 27.8
Symptoms of Anxiety Disorder,By State,Nebraska,Nebraska,1,Apr 23 - May 5,24.2,20.6,28.0,20.6 - 28.0,21.7 - 27.8
Symptoms of Anxiety Disorder,By State,Nevada,Nevada,1,Apr 23 - May 5,31.4,27.3,35.7,27.3 - 35.7,30.4 - 31.6
Symptoms of Anxiety Disorder,By State,New Hampshire,New Hampshire,1,Apr 23 - May 5,31.3,27.1,35.7,27.1 - 35.7,30.4 - 31.6
Symptoms of Anxiety Disorder,By State,New Jersey,New Jersey,1,Apr 23 - May 5,31.4,28.2,34.7,28.2 - 34.7,30.4 - 31.6
Symptoms of Anxiety Disorder,By State,New Mexico,New Mexico,1,Apr 23 - May 5,27.9,23.9,32.2,23.9 - 32.2,27.9 - 30.3
Symptoms of Anxiety Disorder,By State,New York,New York,1,Apr 23 - May 5,36.1,32.1,40.2,32.1 - 40.2,31.7 - 37.0
Symptoms of Anxiety Disorder,By State,North Carolina,North Carolina,1,Apr 23 - May 5,30.0,25.1,35.3,25.1 - 35.3,27.9 - 30.3
Symptoms of Anxiety Disorder,By State,North Dakota,North Dakota,1,Apr 23 - May 5,21.7,18.3,25.5,18.3 - 25.5,21.7 - 27.8
Symptoms of Anxiety Disorder,By State,Ohio,Ohio,1,Apr 23 - May 5,31.1,27.4,35.1,27.4 - 35.1,30.4 - 31.6
Symptoms of Anxiety Disorder,By State,Oklahoma,Oklahoma,1,Apr 23 - May 5,28.6,24.9,32.4,24.9 - 32.4,27.9 - 30.3
Symptoms of Anxiety Disorder,By State,Oregon,Oregon,1,Apr 23 - May 5,31.5,28.0,35.1,28.0 - 35.1,30.4 - 31.6
Symptoms of Anxiety Disorder,By State,Pennsylvania,Pennsylvania,1,Apr 23 - May 5,31.0,27.5,34.7,27.5 - 34.7,30.4 - 31.6
Symptoms of Anxiety Disorder,By State,Rhode Island,Rhode Island,1,Apr 23 - May 5,27.6,23.4,32.0,23.4 - 32.0,21.7 - 27.8
Symptoms of Anxiety Disorder,By State,South Carolina,South Carolina,1,Apr 23 - May 5,27.8,24.0,31.7,24.0 - 31.7,21.7 - 27.8
Symptoms of Anxiety Disorder,By State,South Dakota,South Dakota,1,Apr 23 - May 5,22.1,17.3,27.6,17.3 - 27.6,21.7 - 27.8
Symptoms of Anxiety Disorder,By State,Tennessee,Tennessee,1,Apr 23 - May 5,28.2,22.8,34.0,22.8 - 34.0,27.9 - 30.3
Symptoms of Anxiety Disorder,By State,Texas,Texas,1,Apr 23 - May 5,29.7,25.9,33.7,25.9 - 33.7,27.9 - 30.3
Symptoms of Anxiety Disorder,By State,Utah,Utah,1,Apr 23 - May 5,28.9,24.9,33.1,24.9 - 33.1,27.9 - 30.3
Symptoms of Anxiety Disorder,By State,Vermont,Vermont,1,Apr 23 - May 5,30.6,25.6,35.8,25.6 - 35.8,30.4 - 31.6
Symptoms of Anxiety Disorder,By State,Virginia,Virginia,1,Apr 23 - May 5,28.5,25.4,31.8,25.4 - 31.8,27.9 - 30.3
Symptoms of Anxiety Disorder,By State,Washington,Washington,1,Apr 23 - May 5,30.6,27.7,33.7,27.7 - 33.7,30.4 - 31.6
Symptoms of Anxiety Disorder,By State,West Virginia,West Virginia,1,Apr 23 - May 5,28.8,24.0,33.9,24.0 - 33.9,27.9 - 30.3
Symptoms of Anxiety Disorder,By State,Wisconsin,Wisconsin,1,Apr 23 - May 5,27.1,24.1,30.2,24.1 - 30.2,21.7 - 27.8
Symptoms of Anxiety Disorder,By State,Wyoming,Wyoming,1,Apr 23 - May 5,24.9,21.0,29.2,21.0 - 29.2,21.7 - 27.8
Symptoms of Anxiety Disorder or Depressive Disorder,National Estimate,United States,United States,1,Apr 23 - May 5,35.9,35.0,36.8,35.0 - 36.8,
Symptoms of Anxiety Disorder or Depressive Disorder,By Age,United States,18 - 29 years,1,Apr 23 - May 5,46.8,44.3,49.3,44.3 - 49.3,
Symptoms of Anxiety Disorder or Depressive Disorder,By Age,United States,30 - 39 years,1,Apr 23 - May 5,39.6,37.7,41.5,37.7 - 41.5,
Symptoms of Anxiety Disorder or Depressive Disorder,By Age,United States,40 - 49 years,1,Apr 23 - May 5,38.9,37.2,40.7,37.2 - 40.7,
Symptoms of Anxiety Disorder or Depressive Disorder,By Age,United States,50 - 59 years,1,Apr 23 - May 5,35.8,34.0,37.7,34.0 - 37.7,
Symptoms of Anxiety Disorder or Depressive Disorder,By Age,United States,60 - 69 years,1,Apr 23 - May 5,28.9,27.6,30.3,27.6 - 30.3,
Symptoms of Anxiety Disorder or Depressive Disorder,By Age,United States,70 - 79 years,1,Apr 23 - May 5,21.5,19.3,23.7,19.3 - 23.7,
Symptoms of Anxiety Disorder or Depressive Disorder,By Age,United States,80 years and above,1,Apr 23 - May 5,21.1,15.6,27.5,15.6 - 27.5,
Symptoms of Anxiety Disorder or Depressive Disorder,By Gender,United States,Male,1,Apr 23 - May 5,31.0,29.6,32.3,29.6 - 32.3,
Symptoms of Anxiety Disorder or Depressive Disorder,By Gender,United States,Female,1,Apr 23 - May 5,40.7,39.7,41.6,39.7 - 41.6,
Symptoms of Anxiety Disorder or Depressive Disorder,By Race/Hispanic ethnicity,United States,Hispanic or Latino,1,Apr 23 - May 5,42.7,39.7,45.7,39.7 - 45.7,
Symptoms of Anxiety Disorder or Depressive Disorder,By Race/Hispanic ethnicity,United States,"Non-Hispanic white, single race",1,Apr 23 - May 5,33.6,32.7,34.4,32.7 - 34.4,
Symptoms of Anxiety Disorder or Depressive Disorder,By Race/Hispanic ethnicity,United States,"Non-Hispanic black, single race",1,Apr 23 - May 5,38.9,36.4,41.4,36.4 - 41.4,
Symptoms of Anxiety Disorder or Depressive Disorder,By Race/Hispanic ethnicity,United States,"Non-Hispanic Asian, single race",1,Apr 23 - May 5,31.9,28.5,35.4,28.5 - 35.4,
Symptoms of Anxiety Disorder or Depressive Disorder,By Race/Hispanic ethnicity,United States,"Non-Hispanic, other races and multiple races",1,Apr 23 - May 5,43.9,39.8,48.1,39.8 - 48.1,
Symptoms of Anxiety Disorder or Depressive Disorder,By Education,United States,Less than a high school diploma,1,Apr 23 - May 5,45.4,40.3,50.5,40.3 - 50.5,
Symptoms of Anxiety Disorder or Depressive Disorder,By Education,United States,High school diploma or GED,1,Apr 23 - May 5,36.7,35.2,38.2,35.2 - 38.2,
Symptoms of Anxiety Disorder or Depressive Disorder,By Education,United States,Some college/Associate's degree,1,Apr 23 - May 5,38.5,36.9,40.0,36.9 - 40.0,
Symptoms of Anxiety Disorder or Depressive Disorder,By Education,United States,Bachelor's degree or higher,1,Apr 23 - May 5,30.7,29.8,31.5,29.8 - 31.5,
Symptoms of Anxiety Disorder or Depressive Disorder,By State,Alabama,Alabama,1,Apr 23 - May 5,30.3,24.8,36.2,24.8 - 36.2,25.6 - 33.3
Symptoms of Anxiety Disorder or Depressive Disorder,By State,Alaska,Alaska,1,Apr 23 - May 5,31.5,28.8,34.4,28.8 - 34.4,25.6 - 33.3
Symptoms of Anxiety Disorder or Depressive Disorder,By State,Arizona,Arizona,1,Apr 23 - May 5,36.4,32.3,40.7,32.3 - 40.7,34.8 - 36.7
Symptoms of Anxiety Disorder or Depressive Disorder,By State,Arkansas,Arkansas,1,Apr 23 - May 5,38.0,33.1,43.1,33.1 - 43.1,36.8 - 41.4
Symptoms of Anxiety Disorder or Depressive Disorder,By State,California,California,1,Apr 23 - May 5,37.4,34.2,40.6,34.2 - 40.6,36.8 - 41.4
Symptoms of Anxiety Disorder or Depressive Disorder,By State,Colorado,Colorado,1,Apr 23 - May 5,35.9,32.3,39.7,32.3 - 39.7,34.8 - 36.7
Symptoms of Anxiety Disorder or Depressive Disorder,By State,Connecticut,Connecticut,1,Apr 23 - May 5,40.2,35.3,45.3,35.3 - 45.3,36.8 - 41.4
Symptoms of Anxiety Disorder or Depressive Disorder,By State,Delaware,Delaware,1,Apr 23 - May 5,34.7,30.4,39.3,30.4 - 39.3,33.4 - 34.7
Symptoms of Anxiety Disorder or Depressive Disorder,By State,District of Columbia,District of Columbia,1,Apr 23 - May 5,37.6,34.1,41.3,34.1 - 41.3,36.8 - 41.4
Symptoms of Anxiety Disorder or Depressive Disorder,By State,Florida,Florida,1,Apr 23 - May 5,36.8,33.9,39.8,33.9 - 39.8,36.8 - 41.4
Symptoms of Anxiety Disorder or Depressive Disorder,By State,Georgia,Georgia,1,Apr 23 - May 5,36.2,31.8,40.7,31.8 - 40.7,34.8 - 36.7
Symptoms of Anxiety Disorder or Depressive Disorder,By State,Hawaii,Hawaii,1,Apr 23 - May 5,37.0,31.4,42.9,31.4 - 42.9,36.8 - 41.4
Symptoms of Anxiety Disorder or Depressive Disorder,By State,Idaho,Idaho,1,Apr 23 - May 5,33.3,29.9,36.8,29.9 - 36.8,25.6 - 33.3
Symptoms of Anxiety Disorder or Depressive Disorder,By State,Illinois,Illinois,1,Apr 23 - May 5,36.6,32.7,40.7,32.7 - 40.7,34.8 - 36.7
Symptoms of Anxiety Disorder or Depressive Disorder,By State,Indiana,Indiana,1,Apr 23 - May 5,37.8,33.5,42.4,33.5 - 42.4,36.8 - 41.4
Symptoms of Anxiety Disorder or Depressive Disorder,By State,Iowa,Iowa,1,Apr 23 - May 5,28.2,24.6,32.1,24.6 - 32.1,25.6 - 33.3
Symptoms of Anxiety Disorder or Depressive Disorder,By State,Kansas,Kansas,1,Apr 23 - May 5,32.5,28.4,36.9,28.4 - 36.9,25.6 - 33.3
Symptoms of Anxiety Disorder or Depressive Disorder,By State,Kentucky,Kentucky,1,Apr 23 - May 5,36.4,32.5,40.4,32.5 - 40.4,34.8 - 36.7
Symptoms of Anxiety Disorder or Depressive Disorder,By State,Louisiana,Louisiana,1,Apr 23 - May 5,38.9,34.3,43.7,34.3 - 43.7,36.8 - 41.4
Symptoms of Anxiety Disorder or Depressive Disorder,By State,Maine,Maine,1,Apr 23 - May 5,34.3,30.6,38.1,30.6 - 38.1,33.4 - 34.7
Symptoms of Anxiety Disorder or Depressive Disorder,By State,Maryland,Maryland,1,Apr 23 - May 5,32.9,29.3,36.6,29.3 - 36.6,25.6 - 33.3
Symptoms of Anxiety Disorder or Depressive Disorder,By State,Massachusetts,Massachusetts,1,Apr 23 - May 5,40.6,36.9,44.4,36.9 - 44.4,36.8 - 41.4
Symptoms of Anxiety Disorder or Depressive Disorder,By State,Michigan,Michigan,1,Apr 23 - May 5,39.4,35.8,43.1,35.8 - 43.1,36.8 - 41.4
Symptoms of Anxiety Disorder or Depressive Disorder,By State,Minnesota,Minnesota,1,Apr 23 - May 5,32.4,29.1,35.9,29.1 - 35.9,25.6 - 33.3
Symptoms of Anxiety Disorder or Depressive Disorder,By State,Mississippi,Mississippi,1,Apr 23 - May 5,34.5,28.8,40.5,28.8 - 40.5,33.4 - 34.7
Symptoms of Anxiety Disorder or Depressive Disorder,By State,Missouri,Missouri,1,Apr 23 - May 5,35.2,30.2,40.4,30.2 - 40.4,34.8 - 36.7
Symptoms of Anxiety Disorder or Depressive Disorder,By State,Montana,Montana,1,Apr 23 - May 5,27.3,23.5,31.4,23.5 - 31.4,25.6 - 33.3
Symptoms of Anxiety Disorder or Depressive Disorder,By State,Nebraska,Nebraska,1,Apr 23 - May 5,28.6,24.9,32.7,24.9 - 32.7,25.6 - 33.3
Symptoms of Anxiety Disorder or Depressive Disorder,By State,Nevada,Nevada,1,Apr 23 - May 5,34.8,30.4,39.4,30.4 - 39.4,34.8 - 36.7
Symptoms of Anxiety Disorder or Depressive Disorder,By State,New Hampshire,New Hampshire,1,Apr 23 - May 5,34.8,30.6,39.2,30.6 - 39.2,34.8 - 36.7
Symptoms of Anxiety Disorder or Depressive Disorder,By State,New Jersey,New Jersey,1,Apr 23 - May 5,37.6,34.2,41.1,34.2 - 41.1,36.8 - 41.4
Symptoms of Anxiety Disorder or Depressive Disorder,By State,New Mexico,New Mexico,1,Apr 23 - May 5,34.6,29.9,39.7,29.9 - 39.7,33.4 - 34.7
Symptoms of Anxiety Disorder or Depressive Disorder,By State,New York,New York,1,Apr 23 - May 5,41.4,36.7,46.1,36.7 - 46.1,36.8 - 41.4
Symptoms of Anxiety Disorder or Depressive Disorder,By State,North Carolina,North Carolina,1,Apr 23 - May 5,34.6,29.4,40.1,29.4 - 40.1,33.4 - 34.7
Symptoms of Anxiety Disorder or Depressive Disorder,By State,North Dakota,North Dakota,1,Apr 23 - May 5,27.7,23.8,31.9,23.8 - 31.9,25.6 - 33.3
Symptoms of Anxiety Disorder or Depressive Disorder,By State,Ohio,Ohio,1,Apr 23 - May 5,35.1,31.7,38.7,31.7 - 38.7,34.8 - 36.7
Symptoms of Anxiety Disorder or Depressive Disorder,By State,Oklahoma,Oklahoma,1,Apr 23 - May 5,34.1,29.6,38.8,29.6 - 38.8,33.4 - 34.7
Symptoms of Anxiety Disorder or Depressive Disorder,By State,Oregon,Oregon,1,Apr 23 - May 5,36.8,33.2,40.6,33.2 - 40.6,36.8 - 41.4
Symptoms of Anxiety Disorder or Depressive Disorder,By State,Pennsylvania,Pennsylvania,1,Apr 23 - May 5,35.1,31.7,38.7,31.7 - 38.7,34.8 - 36.7
Symptoms of Anxiety Disorder or Depressive Disorder,By State,Rhode Island,Rhode Island,1,Apr 23 - May 5,34.4,29.9,39.1,29.9 - 39.1,33.4 - 34.7
Symptoms of Anxiety Disorder or Depressive Disorder,By State,South Carolina,South Carolina,1,Apr 23 - May 5,33.3,29.4,37.4,29.4 - 37.4,25.6 - 33.3
Symptoms of Anxiety Disorder or Depressive Disorder,By State,South Dakota,South Dakota,1,Apr 23 - May 5,25.6,20.5,31.1,20.5 - 31.1,25.6 - 33.3
Symptoms of Anxiety Disorder or Depressive Disorder,By State,Tennessee,Tennessee,1,Apr 23 - May 5,33.4,28.0,39.3,28.0 - 39.3,33.4 - 34.7
Symptoms of Anxiety Disorder or Depressive Disorder,By State,Texas,Texas,1,Apr 23 - May 5,34.9,30.8,39.2,30.8 - 39.2,34.8 - 36.7
Symptoms of Anxiety Disorder or Depressive Disorder,By State,Utah,Utah,1,Apr 23 - May 5,34.7,31.1,38.4,31.1 - 38.4,33.4 - 34.7
Symptoms of Anxiety Disorder or Depressive Disorder,By State,Vermont,Vermont,1,Apr 23 - May 5,33.9,28.5,39.6,28.5 - 39.6,33.4 - 34.7
Symptoms of Anxiety Disorder or Depressive Disorder,By State,Virginia,Virginia,1,Apr 23 - May 5,33.7,30.3,37.2,30.3 - 37.2,33.4 - 34.7
Symptoms of Anxiety Disorder or Depressive Disorder,By State,Washington,Washington,1,Apr 23 - May 5,35.0,32.2,37.8,32.2 - 37.8,34.8 - 36.7
Symptoms of Anxiety Disorder or Depressive Disorder,By State,West Virginia,West Virginia,1,Apr 23 - May 5,34.3,29.5,39.3,29.5 - 39.3,33.4 - 34.7
Symptoms of Anxiety Disorder or Depressive Disorder,By State,Wisconsin,Wisconsin,1,Apr 23 - May 5,31.1,28.1,34.3,28.1 - 34.3,25.6 - 33.3
Symptoms of Anxiety Disorder or Depressive Disorder,By State,Wyoming,Wyoming,1,Apr 23 - May 5,31.0,26.4,35.8,26.4 - 35.8,25.6 - 33.3
Symptoms of Depressive Disorder,National Estimate,United States,United States,2,May 7-12,24.1,23.0,25.2,23.0 - 25.2,
Symptoms of Depressive Disorder,By Age,United States,18 - 29 years,2,May 7-12,36.2,32.2,40.2,32.2 - 40.2,
Symptoms of Depressive Disorder,By Age,United States,30 - 39 years,2,May 7-12,27.7,25.7,29.8,25.7 - 29.8,
Symptoms of Depressive Disorder,By Age,United States,40 - 49 years,2,May 7-12,25.5,23.1,28.0,23.1 - 28.0,
Symptoms of Depressive Disorder,By Age,United States,50 - 59 years,2,May 7-12,24.1,22.0,26.2,22.0 - 26.2,
Symptoms of Depressive Disorder,By Age,United States,60 - 69 years,2,May 7-12,17.6,15.7,19.6,15.7 - 19.6,
Symptoms of Depressive Disorder,By Age,United States,70 - 79 years,2,May 7-12,12.2,10.4,14.2,10.4 - 14.2,
Symptoms of Depressive Disorder,By Age,United States,80 years and above,2,May 7-12,9.1,6.9,11.6,6.9 - 11.6,
Symptoms of Depressive Disorder,By Gender,United States,Male,2,May 7-12,22.3,20.6,24.0,20.6 - 24.0,
Symptoms of Depressive Disorder,By Gender,United States,Female,2,May 7-12,25.8,24.7,27.0,24.7 - 27.0,
Symptoms of Depressive Disorder,By Race/Hispanic ethnicity,United States,Hispanic or Latino,2,May 7-12,27.9,24.4,31.6,24.4 - 31.6,
Symptoms of Depressive Disorder,By Race/Hispanic ethnicity,United States,"Non-Hispanic white, single race",2,May 7-12,22.5,21.6,23.4,21.6 - 23.4,
Symptoms of Depressive Disorder,By Race/Hispanic ethnicity,United States,"Non-Hispanic black, single race",2,May 7-12,27.7,23.8,31.9,23.8 - 31.9,
Symptoms of Depressive Disorder,By Race/Hispanic ethnicity,United States,"Non-Hispanic Asian, single race",2,May 7-12,19.5,15.4,24.3,15.4 - 24.3,
Symptoms of Depressive Disorder,By Race/Hispanic ethnicity,United States,"Non-Hispanic, other races and multiple races",2,May 7-12,33.0,28.6,37.7,28.6 - 37.7,
Symptoms of Depressive Disorder,By Education,United States,Less than a high school diploma,2,May 7-12,31.4,25.9,37.3,25.9 - 37.3,
Symptoms of Depressive Disorder,By Education,United States,High school diploma or GED,2,May 7-12,27.1,24.9,29.4,24.9 - 29.4,
Symptoms of Depressive Disorder,By Education,United States,Some college/Associate's degree,2,May 7-12,26.5,25.0,28.1,25.0 - 28.1,
Symptoms of Depressive Disorder,By Education,United States,Bachelor's degree or higher,2,May 7-12,17.2,16.0,18.3,16.0 - 18.3,
Symptoms of Depressive Disorder,By State,Alabama,Alabama,2,May 7-12,22.5,16.4,29.5,16.4 - 29.5,20.7 - 23.0
Symptoms of Depressive Disorder,By State,Alaska,Alaska,2,May 7-12,25.1,20.3,30.4,20.3 - 30.4,23.1 - 25.6
Symptoms of Depressive Disorder,By State,Arizona,Arizona,2,May 7-12,25.3,19.7,31.7,19.7 - 31.7,23.1 - 25.6
Symptoms of Depressive Disorder,By State,Arkansas,Arkansas,2,May 7-12,24.5,19.2,30.5,19.2 - 30.5,23.1 - 25.6
Symptoms of Depressive Disorder,By State,California,California,2,May 7-12,22.8,19.2,26.8,19.2 - 26.8,20.7 - 23.0
Symptoms of Depressive Disorder,By State,Colorado,Colorado,2,May 7-12,23.6,17.8,30.2,17.8 - 30.2,23.1 - 25.6
Symptoms of Depressive Disorder,By State,Connecticut,Connecticut,2,May 7-12,21.5,16.2,27.6,16.2 - 27.6,20.7 - 23.0
Symptoms of Depressive Disorder,By State,Delaware,Delaware,2,May 7-12,23.3,18.3,28.9,18.3 - 28.9,23.1 - 25.6
Symptoms of Depressive Disorder,By State,District of Columbia,District of Columbia,2,May 7-12,30.3,22.8,38.6,22.8 - 38.6,25.7 - 35.5
Symptoms of Depressive Disorder,By State,Florida,Florida,2,May 7-12,24.8,20.0,30.0,20.0 - 30.0,23.1 - 25.6
Symptoms of Depressive Disorder,By State,Georgia,Georgia,2,May 7-12,25.6,20.7,30.9,20.7 - 30.9,23.1 - 25.6
Symptoms of Depressive Disorder,By State,Hawaii,Hawaii,2,May 7-12,16.8,12.1,22.4,12.1 - 22.4,16.7 - 20.6
Symptoms of Depressive Disorder,By State,Idaho,Idaho,2,May 7-12,17.0,13.2,21.5,13.2 - 21.5,16.7 - 20.6
Symptoms of Depressive Disorder,By State,Illinois,Illinois,2,May 7-12,29.2,25.2,33.5,25.2 - 33.5,25.7 - 35.5
Symptoms of Depressive Disorder,By State,Indiana,Indiana,2,May 7-12,19.9,14.8,25.8,14.8 - 25.8,16.7 - 20.6
Symptoms of Depressive Disorder,By State,Iowa,Iowa,2,May 7-12,18.1,12.9,24.2,12.9 - 24.2,16.7 - 20.6
Symptoms of Depressive Disorder,By State,Kansas,Kansas,2,May 7-12,16.7,12.8,21.2,12.8 - 21.2,16.7 - 20.6
Symptoms of Depressive Disorder,By State,Kentucky,Kentucky,2,May 7-12,25.6,19.8,32.2,19.8 - 32.2,23.1 - 25.6
Symptoms of Depressive Disorder,By State,Louisiana,Louisiana,2,May 7-12,30.0,23.2,37.5,23.2 - 37.5,25.7 - 35.5
Symptoms of Depressive Disorder,By State,Maine,Maine,2,May 7-12,17.1,12.2,23.0,12.2 - 23.0,16.7 - 20.6
Symptoms of Depressive Disorder,By State,Maryland,Maryland,2,May 7-12,24.6,18.3,31.8,18.3 - 31.8,23.1 - 25.6
Symptoms of Depressive Disorder,By State,Massachusetts,Massachusetts,2,May 7-12,18.9,15.2,23.0,15.2 - 23.0,16.7 - 20.6
Symptoms of Depressive Disorder,By State,Michigan,Michigan,2,May 7-12,23.4,18.8,28.4,18.8 - 28.4,23.1 - 25.6
Symptoms of Depressive Disorder,By State,Minnesota,Minnesota,2,May 7-12,18.4,13.8,23.9,13.8 - 23.9,16.7 - 20.6
Symptoms of Depressive Disorder,By State,Mississippi,Mississippi,2,May 7-12,35.5,27.5,44.1,27.5 - 44.1,25.7 - 35.5
Symptoms of Depressive Disorder,By State,Missouri,Missouri,2,May 7-12,24.1,18.5,30.5,18.5 - 30.5,23.1 - 25.6
Symptoms of Depressive Disorder,By State,Montana,Montana,2,May 7-12,20.8,14.7,28.2,14.7 - 28.2,20.7 - 23.0
Symptoms of Depressive Disorder,By State,Nebraska,Nebraska,2,May 7-12,21.6,15.4,28.9,15.4 - 28.9,20.7 - 23.0
Symptoms of Depressive Disorder,By State,Nevada,Nevada,2,May 7-12,31.2,25.4,37.5,25.4 - 37.5,25.7 - 35.5
Symptoms of Depressive Disorder,By State,New Hampshire,New Hampshire,2,May 7-12,23.3,18.2,28.9,18.2 - 28.9,23.1 - 25.6
Symptoms of Depressive Disorder,By State,New Jersey,New Jersey,2,May 7-12,26.4,20.3,33.2,20.3 - 33.2,25.7 - 35.5
Symptoms of Depressive Disorder,By State,New Mexico,New Mexico,2,May 7-12,29.0,20.8,38.3,20.8 - 38.3,25.7 - 35.5
Symptoms of Depressive Disorder,By State,New York,New York,2,May 7-12,29.2,24.2,34.6,24.2 - 34.6,25.7 - 35.5
Symptoms of Depressive Disorder,By State,North Carolina,North Carolina,2,May 7-12,20.2,15.6,25.5,15.6 - 25.5,16.7 - 20.6
Symptoms of Depressive Disorder,By State,North Dakota,North Dakota,2,May 7-12,20.2,13.9,27.9,13.9 - 27.9,16.7 - 20.6
Symptoms of Depressive Disorder,By State,Ohio,Ohio,2,May 7-12,26.4,21.3,32.1,21.3 - 32.1,25.7 - 35.5
Symptoms of Depressive Disorder,By State,Oklahoma,Oklahoma,2,May 7-12,20.7,15.4,26.9,15.4 - 26.9,20.7 - 23.0
Symptoms of Depressive Disorder,By State,Oregon,Oregon,2,May 7-12,17.8,13.7,22.6,13.7 - 22.6,16.7 - 20.6
Symptoms of Depressive Disorder,By State,Pennsylvania,Pennsylvania,2,May 7-12,23.0,18.8,27.8,18.8 - 27.8,20.7 - 23.0
Symptoms of Depressive Disorder,By State,Rhode Island,Rhode Island,2,May 7-12,22.8,15.3,31.9,15.3 - 31.9,20.7 - 23.0
Symptoms of Depressive Disorder,By State,South Carolina,South Carolina,2,May 7-12,25.6,20.6,31.1,20.6 - 31.1,23.1 - 25.6
Symptoms of Depressive Disorder,By State,South Dakota,South Dakota,2,May 7-12,20.5,13.5,29.2,13.5 - 29.2,16.7 - 20.6
Symptoms of Depressive Disorder,By State,Tennessee,Tennessee,2,May 7-12,21.7,15.2,29.5,15.2 - 29.5,20.7 - 23.0
Symptoms of Depressive Disorder,By State,Texas,Texas,2,May 7-12,25.7,21.8,30.0,21.8 - 30.0,25.7 - 35.5
Symptoms of Depressive Disorder,By State,Utah,Utah,2,May 7-12,22.6,17.9,27.8,17.9 - 27.8,20.7 - 23.0
Symptoms of Depressive Disorder,By State,Vermont,Vermont,2,May 7-12,26.8,20.4,34.1,20.4 - 34.1,25.7 - 35.5
Symptoms of Depressive Disorder,By State,Virginia,Virginia,2,May 7-12,20.6,16.4,25.4,16.4 - 25.4,16.7 - 20.6
Symptoms of Depressive Disorder,By State,Washington,Washington,2,May 7-12,22.9,19.4,26.6,19.4 - 26.6,20.7 - 23.0
Symptoms of Depressive Disorder,By State,West Virginia,West Virginia,2,May 7-12,31.8,24.7,39.7,24.7 - 39.7,25.7 - 35.5
Symptoms of Depressive Disorder,By State,Wisconsin,Wisconsin,2,May 7-12,22.9,17.2,29.5,17.2 - 29.5,20.7 - 23.0
Symptoms of Depressive Disorder,By State,Wyoming,Wyoming,2,May 7-12,18.6,11.0,28.5,11.0 - 28.5,16.7 - 20.6
Symptoms of Anxiety Disorder,National Estimate,United States,United States,2,May 7-12,30.0,28.9,31.0,28.9 - 31.0,
Symptoms of Anxiety Disorder,By Age,United States,18 - 29 years,2,May 7-12,42.0,38.3,45.7,38.3 - 45.7,
Symptoms of Anxiety Disorder,By Age,United States,30 - 39 years,2,May 7-12,34.3,32.6,36.1,32.6 - 36.1,
Symptoms of Anxiety Disorder,By Age,United States,40 - 49 years,2,May 7-12,31.9,29.3,34.6,29.3 - 34.6,
Symptoms of Anxiety Disorder,By Age,United States,50 - 59 years,2,May 7-12,31.3,29.0,33.7,29.0 - 33.7,
Symptoms of Anxiety Disorder,By Age,United States,60 - 69 years,2,May 7-12,22.0,19.8,24.3,19.8 - 24.3,
Symptoms of Anxiety Disorder,By Age,United States,70 - 79 years,2,May 7-12,16.4,14.5,18.5,14.5 - 18.5,
Symptoms of Anxiety Disorder,By Age,United States,80 years and above,2,May 7-12,11.0,8.2,14.3,8.2 - 14.3,
Symptoms of Anxiety Disorder,By Gender,United States,Male,2,May 7-12,26.7,24.9,28.5,24.9 - 28.5,
Symptoms of Anxiety Disorder,By Gender,United States,Female,2,May 7-12,33.1,32.0,34.2,32.0 - 34.2,
Symptoms of Anxiety Disorder,By Race/Hispanic ethnicity,United States,Hispanic or Latino,2,May 7-12,36.2,32.6,39.9,32.6 - 39.9,
Symptoms of Anxiety Disorder,By Race/Hispanic ethnicity,United States,"Non-Hispanic white, single race",2,May 7-12,27.8,26.8,28.7,26.8 - 28.7,
Symptoms of Anxiety Disorder,By Race/Hispanic ethnicity,United States,"Non-Hispanic black, single race",2,May 7-12,33.0,29.3,37.0,29.3 - 37.0,
Symptoms of Anxiety Disorder,By Race/Hispanic ethnicity,United States,"Non-Hispanic Asian, single race",2,May 7-12,26.3,22.3,30.7,22.3 - 30.7,
Symptoms of Anxiety Disorder,By Race/Hispanic ethnicity,United States,"Non-Hispanic, other races and multiple races",2,May 7-12,38.9,34.1,43.9,34.1 - 43.9,
Symptoms of Anxiety Disorder,By Education,United States,Less than a high school diploma,2,May 7-12,36.6,30.2,43.4,30.2 - 43.4,
Symptoms of Anxiety Disorder,By Education,United States,High school diploma or GED,2,May 7-12,32.8,30.4,35.3,30.4 - 35.3,
Symptoms of Anxiety Disorder,By Education,United States,Some college/Associate's degree,2,May 7-12,31.5,29.7,33.3,29.7 - 33.3,
Symptoms of Anxiety Disorder,By Education,United States,Bachelor's degree or higher,2,May 7-12,24.2,23.1,25.4,23.1 - 25.4,
Symptoms of Anxiety Disorder,By State,Alabama,Alabama,2,May 7-12,27.2,21.1,34.1,21.1 - 34.1,26.3 - 28.7
Symptoms of Anxiety Disorder,By State,Alaska,Alaska,2,May 7-12,27.4,22.8,32.4,22.8 - 32.4,26.3 - 28.7
Symptoms of Anxiety Disorder,By State,Arizona,Arizona,2,May 7-12,34.2,29.2,39.4,29.2 - 39.4,31.6 - 38.3
Symptoms of Anxiety Disorder,By State,Arkansas,Arkansas,2,May 7-12,29.1,23.4,35.3,23.4 - 35.3,28.8 - 31.5
Symptoms of Anxiety Disorder,By State,California,California,2,May 7-12,31.4,27.4,35.6,27.4 - 35.6,28.8 - 31.5
Symptoms of Anxiety Disorder,By State,Colorado,Colorado,2,May 7-12,29.7,23.4,36.8,23.4 - 36.8,28.8 - 31.5
Symptoms of Anxiety Disorder,By State,Connecticut,Connecticut,2,May 7-12,29.1,22.4,36.6,22.4 - 36.6,28.8 - 31.5
Symptoms of Anxiety Disorder,By State,Delaware,Delaware,2,May 7-12,24.9,19.7,30.8,19.7 - 30.8,20.3 - 26.2
Symptoms of Anxiety Disorder,By State,District of Columbia,District of Columbia,2,May 7-12,36.2,28.6,44.5,28.6 - 44.5,31.6 - 38.3
Symptoms of Anxiety Disorder,By State,Florida,Florida,2,May 7-12,27.6,23.1,32.5,23.1 - 32.5,26.3 - 28.7
Symptoms of Anxiety Disorder,By State,Georgia,Georgia,2,May 7-12,29.5,24.2,35.4,24.2 - 35.4,28.8 - 31.5
Symptoms of Anxiety Disorder,By State,Hawaii,Hawaii,2,May 7-12,20.4,15.9,25.5,15.9 - 25.5,20.3 - 26.2
Symptoms of Anxiety Disorder,By State,Idaho,Idaho,2,May 7-12,25.0,19.9,30.6,19.9 - 30.6,20.3 - 26.2
Symptoms of Anxiety Disorder,By State,Illinois,Illinois,2,May 7-12,35.7,30.6,41.1,30.6 - 41.1,31.6 - 38.3
Symptoms of Anxiety Disorder,By State,Indiana,Indiana,2,May 7-12,31.5,26.5,36.9,26.5 - 36.9,28.8 - 31.5
Symptoms of Anxiety Disorder,By State,Iowa,Iowa,2,May 7-12,20.3,15.5,25.9,15.5 - 25.9,20.3 - 26.2
Symptoms of Anxiety Disorder,By State,Kansas,Kansas,2,May 7-12,25.1,20.0,30.9,20.0 - 30.9,20.3 - 26.2
Symptoms of Anxiety Disorder,By State,Kentucky,Kentucky,2,May 7-12,29.6,24.6,35.0,24.6 - 35.0,28.8 - 31.5
Symptoms of Anxiety Disorder,By State,Louisiana,Louisiana,2,May 7-12,34.6,27.2,42.7,27.2 - 42.7,31.6 - 38.3
Symptoms of Anxiety Disorder,By State,Maine,Maine,2,May 7-12,28.9,22.7,35.7,22.7 - 35.7,28.8 - 31.5
Symptoms of Anxiety Disorder,By State,Maryland,Maryland,2,May 7-12,30.1,24.2,36.6,24.2 - 36.6,28.8 - 31.5
Symptoms of Anxiety Disorder,By State,Massachusetts,Massachusetts,2,May 7-12,28.7,24.5,33.3,24.5 - 33.3,26.3 - 28.7
Symptoms of Anxiety Disorder,By State,Michigan,Michigan,2,May 7-12,27.0,22.4,32.1,22.4 - 32.1,26.3 - 28.7
Symptoms of Anxiety Disorder,By State,Minnesota,Minnesota,2,May 7-12,22.9,18.4,27.9,18.4 - 27.9,20.3 - 26.2
Symptoms of Anxiety Disorder,By State,Mississippi,Mississippi,2,May 7-12,38.3,30.9,46.0,30.9 - 46.0,31.6 - 38.3
Symptoms of Anxiety Disorder,By State,Missouri,Missouri,2,May 7-12,37.8,32.3,43.7,32.3 - 43.7,31.6 - 38.3
Symptoms of Anxiety Disorder,By State,Montana,Montana,2,May 7-12,24.9,18.1,32.8,18.1 - 32.8,20.3 - 26.2
Symptoms of Anxiety Disorder,By State,Nebraska,Nebraska,2,May 7-12,29.6,23.1,36.8,23.1 - 36.8,28.8 - 31.5
Symptoms of Anxiety Disorder,By State,Nevada,Nevada,2,May 7-12,34.0,28.3,40.2,28.3 - 40.2,31.6 - 38.3
Symptoms of Anxiety Disorder,By State,New Hampshire,New Hampshire,2,May 7-12,30.4,25.7,35.5,25.7 - 35.5,28.8 - 31.5
Symptoms of Anxiety Disorder,By State,New Jersey,New Jersey,2,May 7-12,36.3,29.9,43.2,29.9 - 43.2,31.6 - 38.3
Symptoms of Anxiety Disorder,By State,New Mexico,New Mexico,2,May 7-12,30.2,22.7,38.4,22.7 - 38.4,28.8 - 31.5
Symptoms of Anxiety Disorder,By State,New York,New York,2,May 7-12,33.0,27.7,38.5,27.7 - 38.5,31.6 - 38.3
Symptoms of Anxiety Disorder,By State,North Carolina,North Carolina,2,May 7-12,25.9,20.4,32.0,20.4 - 32.0,20.3 - 26.2
Symptoms of Anxiety Disorder,By State,North Dakota,North Dakota,2,May 7-12,25.4,18.8,33.0,18.8 - 33.0,20.3 - 26.2
Symptoms of Anxiety Disorder,By State,Ohio,Ohio,2,May 7-12,26.4,21.6,31.6,21.6 - 31.6,26.3 - 28.7
Symptoms of Anxiety Disorder,By State,Oklahoma,Oklahoma,2,May 7-12,27.2,20.7,34.6,20.7 - 34.6,26.3 - 28.7
Symptoms of Anxiety Disorder,By State,Oregon,Oregon,2,May 7-12,26.2,22.5,30.3,22.5 - 30.3,20.3 - 26.2
Symptoms of Anxiety Disorder,By State,Pennsylvania,Pennsylvania,2,May 7-12,28.4,23.7,33.5,23.7 - 33.5,26.3 - 28.7
Symptoms of Anxiety Disorder,By State,Rhode Island,Rhode Island,2,May 7-12,26.9,19.2,35.9,19.2 - 35.9,26.3 - 28.7
Symptoms of Anxiety Disorder,By State,South Carolina,South Carolina,2,May 7-12,27.9,23.0,33.3,23.0 - 33.3,26.3 - 28.7
Symptoms of Anxiety Disorder,By State,South Dakota,South Dakota,2,May 7-12,26.1,17.9,35.7,17.9 - 35.7,20.3 - 26.2
Symptoms of Anxiety Disorder,By State,Tennessee,Tennessee,2,May 7-12,29.6,23.4,36.5,23.4 - 36.5,28.8 - 31.5
Symptoms of Anxiety Disorder,By State,Texas,Texas,2,May 7-12,32.4,28.2,36.9,28.2 - 36.9,31.6 - 38.3
Symptoms of Anxiety Disorder,By State,Utah,Utah,2,May 7-12,26.0,21.6,30.9,21.6 - 30.9,20.3 - 26.2
Symptoms of Anxiety Disorder,By State,Vermont,Vermont,2,May 7-12,31.8,25.3,38.8,25.3 - 38.8,31.6 - 38.3
Symptoms of Anxiety Disorder,By State,Virginia,Virginia,2,May 7-12,26.8,21.8,32.3,21.8 - 32.3,26.3 - 28.7
Symptoms of Anxiety Disorder,By State,Washington,Washington,2,May 7-12,28.5,24.5,32.8,24.5 - 32.8,26.3 - 28.7
Symptoms of Anxiety Disorder,By State,West Virginia,West Virginia,2,May 7-12,34.6,27.3,42.4,27.3 - 42.4,31.6 - 38.3
Symptoms of Anxiety Disorder,By State,Wisconsin,Wisconsin,2,May 7-12,25.6,19.4,32.6,19.4 - 32.6,20.3 - 26.2
Symptoms of Anxiety Disorder,By State,Wyoming,Wyoming,2,May 7-12,22.5,15.0,31.7,15.0 - 31.7,20.3 - 26.2
Symptoms of Anxiety Disorder or Depressive Disorder,National Estimate,United States,United States,2,May 7-12,34.4,33.3,35.5,33.3 - 35.5,
Symptoms of Anxiety Disorder or Depressive Disorder,By Age,United States,18 - 29 years,2,May 7-12,47.4,43.4,51.3,43.4 - 51.3,
Symptoms of Anxiety Disorder or Depressive Disorder,By Age,United States,30 - 39 years,2,May 7-12,39.3,37.4,41.2,37.4 - 41.2,
Symptoms of Anxiety Disorder or Depressive Disorder,By Age,United States,40 - 49 years,2,May 7-12,36.9,34.1,39.7,34.1 - 39.7,
Symptoms of Anxiety Disorder or Depressive Disorder,By Age,United States,50 - 59 years,2,May 7-12,35.5,33.0,37.9,33.0 - 37.9,
Symptoms of Anxiety Disorder or Depressive Disorder,By Age,United States,60 - 69 years,2,May 7-12,25.5,23.2,27.9,23.2 - 27.9,
Symptoms of Anxiety Disorder or Depressive Disorder,By Age,United States,70 - 79 years,2,May 7-12,19.8,17.7,22.0,17.7 - 22.0,
Symptoms of Anxiety Disorder or Depressive Disorder,By Age,United States,80 years and above,2,May 7-12,13.9,10.9,17.3,10.9 - 17.3,
Symptoms of Anxiety Disorder or Depressive Disorder,By Gender,United States,Male,2,May 7-12,31.4,29.5,33.3,29.5 - 33.3,
Symptoms of Anxiety Disorder or Depressive Disorder,By Gender,United States,Female,2,May 7-12,37.2,36.2,38.3,36.2 - 38.3,
Symptoms of Anxiety Disorder or Depressive Disorder,By Race/Hispanic ethnicity,United States,Hispanic or Latino,2,May 7-12,40.3,36.6,44.0,36.6 - 44.0,
Symptoms of Anxiety Disorder or Depressive Disorder,By Race/Hispanic ethnicity,United States,"Non-Hispanic white, single race",2,May 7-12,32.0,31.1,32.9,31.1 - 32.9,
Symptoms of Anxiety Disorder or Depressive Disorder,By Race/Hispanic ethnicity,United States,"Non-Hispanic black, single race",2,May 7-12,38.8,34.2,43.5,34.2 - 43.5,
Symptoms of Anxiety Disorder or Depressive Disorder,By Race/Hispanic ethnicity,United States,"Non-Hispanic Asian, single race",2,May 7-12,29.9,25.7,34.4,25.7 - 34.4,
Symptoms of Anxiety Disorder or Depressive Disorder,By Race/Hispanic ethnicity,United States,"Non-Hispanic, other races and multiple races",2,May 7-12,45.9,41.1,50.7,41.1 - 50.7,
Symptoms of Anxiety Disorder or Depressive Disorder,By Education,United States,Less than a high school diploma,2,May 7-12,42.5,36.2,48.9,36.2 - 48.9,
Symptoms of Anxiety Disorder or Depressive Disorder,By Education,United States,High school diploma or GED,2,May 7-12,37.8,35.3,40.4,35.3 - 40.4,
Symptoms of Anxiety Disorder or Depressive Disorder,By Education,United States,Some college/Associate's degree,2,May 7-12,36.2,34.6,37.9,34.6 - 37.9,
Symptoms of Anxiety Disorder or Depressive Disorder,By Education,United States,Bachelor's degree or higher,2,May 7-12,27.5,26.3,28.7,26.3 - 28.7,
Symptoms of Anxiety Disorder or Depressive Disorder,By State,Alabama,Alabama,2,May 7-12,30.6,24.1,37.7,24.1 - 37.7,30.6 - 33.4
Symptoms of Anxiety Disorder or Depressive Disorder,By State,Alaska,Alaska,2,May 7-12,35.7,30.9,40.8,30.9 - 40.8,33.5 - 36.0
Symptoms of Anxiety Disorder or Depressive Disorder,By State,Arizona,Arizona,2,May 7-12,38.4,32.6,44.6,32.6 - 44.6,36.1 - 48.4
Symptoms of Anxiety Disorder or Depressive Disorder,By State,Arkansas,Arkansas,2,May 7-12,33.0,27.2,39.4,27.2 - 39.4,30.6 - 33.4
Symptoms of Anxiety Disorder or Depressive Disorder,By State,California,California,2,May 7-12,34.4,30.4,38.6,30.4 - 38.6,33.5 - 36.0
Symptoms of Anxiety Disorder or Depressive Disorder,By State,Colorado,Colorado,2,May 7-12,32.2,25.7,39.2,25.7 - 39.2,30.6 - 33.4
Symptoms of Anxiety Disorder or Depressive Disorder,By State,Connecticut,Connecticut,2,May 7-12,36.0,28.8,43.6,28.8 - 43.6,33.5 - 36.0
Symptoms of Anxiety Disorder or Depressive Disorder,By State,Delaware,Delaware,2,May 7-12,31.6,26.1,37.5,26.1 - 37.5,30.6 - 33.4
Symptoms of Anxiety Disorder or Depressive Disorder,By State,District of Columbia,District of Columbia,2,May 7-12,40.6,32.9,48.7,32.9 - 48.7,36.1 - 48.4
Symptoms of Anxiety Disorder or Depressive Disorder,By State,Florida,Florida,2,May 7-12,33.6,28.5,39.1,28.5 - 39.1,33.5 - 36.0
Symptoms of Anxiety Disorder or Depressive Disorder,By State,Georgia,Georgia,2,May 7-12,34.3,28.2,40.8,28.2 - 40.8,33.5 - 36.0
Symptoms of Anxiety Disorder or Depressive Disorder,By State,Hawaii,Hawaii,2,May 7-12,27.1,21.7,33.2,21.7 - 33.2,26.1 - 30.5
Symptoms of Anxiety Disorder or Depressive Disorder,By State,Idaho,Idaho,2,May 7-12,29.2,24.0,34.9,24.0 - 34.9,26.1 - 30.5
Symptoms of Anxiety Disorder or Depressive Disorder,By State,Illinois,Illinois,2,May 7-12,41.8,37.7,46.0,37.7 - 46.0,36.1 - 48.4
Symptoms of Anxiety Disorder or Depressive Disorder,By State,Indiana,Indiana,2,May 7-12,34.9,29.4,40.8,29.4 - 40.8,33.5 - 36.0
Symptoms of Anxiety Disorder or Depressive Disorder,By State,Iowa,Iowa,2,May 7-12,26.1,20.2,32.8,20.2 - 32.8,26.1 - 30.5
Symptoms of Anxiety Disorder or Depressive Disorder,By State,Kansas,Kansas,2,May 7-12,28.0,22.5,34.1,22.5 - 34.1,26.1 - 30.5
Symptoms of Anxiety Disorder or Depressive Disorder,By State,Kentucky,Kentucky,2,May 7-12,37.7,31.0,44.7,31.0 - 44.7,36.1 - 48.4
Symptoms of Anxiety Disorder or Depressive Disorder,By State,Louisiana,Louisiana,2,May 7-12,42.8,36.3,49.5,36.3 - 49.5,36.1 - 48.4
Symptoms of Anxiety Disorder or Depressive Disorder,By State,Maine,Maine,2,May 7-12,32.9,26.6,39.6,26.6 - 39.6,30.6 - 33.4
Symptoms of Anxiety Disorder or Depressive Disorder,By State,Maryland,Maryland,2,May 7-12,34.6,28.4,41.3,28.4 - 41.3,33.5 - 36.0
Symptoms of Anxiety Disorder or Depressive Disorder,By State,Massachusetts,Massachusetts,2,May 7-12,31.0,26.5,35.8,26.5 - 35.8,30.6 - 33.4
Symptoms of Anxiety Disorder or Depressive Disorder,By State,Michigan,Michigan,2,May 7-12,33.4,28.4,38.7,28.4 - 38.7,30.6 - 33.4
Symptoms of Anxiety Disorder or Depressive Disorder,By State,Minnesota,Minnesota,2,May 7-12,27.2,22.2,32.6,22.2 - 32.6,26.1 - 30.5
Symptoms of Anxiety Disorder or Depressive Disorder,By State,Mississippi,Mississippi,2,May 7-12,48.4,40.3,56.6,40.3 - 56.6,36.1 - 48.4
Symptoms of Anxiety Disorder or Depressive Disorder,By State,Missouri,Missouri,2,May 7-12,41.3,35.5,47.3,35.5 - 47.3,36.1 - 48.4
Symptoms of Anxiety Disorder or Depressive Disorder,By State,Montana,Montana,2,May 7-12,27.6,20.7,35.4,20.7 - 35.4,26.1 - 30.5
Symptoms of Anxiety Disorder or Depressive Disorder,By State,Nebraska,Nebraska,2,May 7-12,33.4,27.2,40.0,27.2 - 40.0,30.6 - 33.4
Symptoms of Anxiety Disorder or Depressive Disorder,By State,Nevada,Nevada,2,May 7-12,38.1,32.7,43.8,32.7 - 43.8,36.1 - 48.4
Symptoms of Anxiety Disorder or Depressive Disorder,By State,New Hampshire,New Hampshire,2,May 7-12,35.0,30.0,40.2,30.0 - 40.2,33.5 - 36.0
Symptoms of Anxiety Disorder or Depressive Disorder,By State,New Jersey,New Jersey,2,May 7-12,39.6,32.9,46.7,32.9 - 46.7,36.1 - 48.4
Symptoms of Anxiety Disorder or Depressive Disorder,By State,New Mexico,New Mexico,2,May 7-12,39.8,31.8,48.2,31.8 - 48.2,36.1 - 48.4
Symptoms of Anxiety Disorder or Depressive Disorder,By State,New York,New York,2,May 7-12,36.9,31.6,42.4,31.6 - 42.4,36.1 - 48.4
Symptoms of Anxiety Disorder or Depressive Disorder,By State,North Carolina,North Carolina,2,May 7-12,28.1,22.4,34.4,22.4 - 34.4,26.1 - 30.5
Symptoms of Anxiety Disorder or Depressive Disorder,By State,North Dakota,North Dakota,2,May 7-12,28.6,21.3,36.8,21.3 - 36.8,26.1 - 30.5
Symptoms of Anxiety Disorder or Depressive Disorder,By State,Ohio,Ohio,2,May 7-12,32.8,27.5,38.6,27.5 - 38.6,30.6 - 33.4
Symptoms of Anxiety Disorder or Depressive Disorder,By State,Oklahoma,Oklahoma,2,May 7-12,31.0,24.1,38.5,24.1 - 38.5,30.6 - 33.4
Symptoms of Anxiety Disorder or Depressive Disorder,By State,Oregon,Oregon,2,May 7-12,29.9,25.4,34.8,25.4 - 34.8,26.1 - 30.5
Symptoms of Anxiety Disorder or Depressive Disorder,By State,Pennsylvania,Pennsylvania,2,May 7-12,32.0,27.2,37.0,27.2 - 37.0,30.6 - 33.4
Symptoms of Anxiety Disorder or Depressive Disorder,By State,Rhode Island,Rhode Island,2,May 7-12,33.8,25.4,43.0,25.4 - 43.0,33.5 - 36.0
Symptoms of Anxiety Disorder or Depressive Disorder,By State,South Carolina,South Carolina,2,May 7-12,33.1,27.8,38.6,27.8 - 38.6,30.6 - 33.4
Symptoms of Anxiety Disorder or Depressive Disorder,By State,South Dakota,South Dakota,2,May 7-12,29.8,21.5,39.2,21.5 - 39.2,26.1 - 30.5
Symptoms of Anxiety Disorder or Depressive Disorder,By State,Tennessee,Tennessee,2,May 7-12,34.7,28.3,41.7,28.3 - 41.7,33.5 - 36.0
Symptoms of Anxiety Disorder or Depressive Disorder,By State,Texas,Texas,2,May 7-12,35.9,31.4,40.6,31.4 - 40.6,33.5 - 36.0
Symptoms of Anxiety Disorder or Depressive Disorder,By State,Utah,Utah,2,May 7-12,30.4,25.1,36.2,25.1 - 36.2,26.1 - 30.5
Symptoms of Anxiety Disorder or Depressive Disorder,By State,Vermont,Vermont,2,May 7-12,35.7,29.2,42.7,29.2 - 42.7,33.5 - 36.0
Symptoms of Anxiety Disorder or Depressive Disorder,By State,Virginia,Virginia,2,May 7-12,30.6,25.3,36.3,25.3 - 36.3,30.6 - 33.4
Symptoms of Anxiety Disorder or Depressive Disorder,By State,Washington,Washington,2,May 7-12,35.0,30.8,39.3,30.8 - 39.3,33.5 - 36.0
Symptoms of Anxiety Disorder or Depressive Disorder,By State,West Virginia,West Virginia,2,May 7-12,39.0,32.1,46.3,32.1 - 46.3,36.1 - 48.4
Symptoms of Anxiety Disorder or Depressive Disorder,By State,Wisconsin,Wisconsin,2,May 7-12,29.7,23.5,36.5,23.5 - 36.5,26.1 - 30.5
Symptoms of Anxiety Disorder or Depressive Disorder,By State,Wyoming,Wyoming,2,May 7-12,27.9,19.3,37.9,19.3 - 37.9,26.1 - 30.5
Symptoms of Depressive Disorder,National Estimate,United States,United States,3,May 14 - May 19,24.4,23.7,25.2,23.7 - 25.2,
Symptoms of Depressive Disorder,By Age,United States,18 - 29 years,3,May 14 - May 19,36.7,34.2,39.1,34.2 - 39.1,
Symptoms of Depressive Disorder,By Age,United States,30 - 39 years,3,May 14 - May 19,26.7,25.0,28.5,25.0 - 28.5,
Symptoms of Depressive Disorder,By Age,United States,40 - 49 years,3,May 14 - May 19,25.0,23.3,26.7,23.3 - 26.7,
Symptoms of Depressive Disorder,By Age,United States,50 - 59 years,3,May 14 - May 19,24.6,22.9,26.4,22.9 - 26.4,
Symptoms of Depressive Disorder,By Age,United States,60 - 69 years,3,May 14 - May 19,18.0,16.3,19.6,16.3 - 19.6,
Symptoms of Depressive Disorder,By Age,United States,70 - 79 years,3,May 14 - May 19,12.3,10.4,14.5,10.4 - 14.5,
Symptoms of Depressive Disorder,By Age,United States,80 years and above,3,May 14 - May 19,14.4,10.9,18.6,10.9 - 18.6,
Symptoms of Depressive Disorder,By Gender,United States,Male,3,May 14 - May 19,22.1,21.0,23.3,21.0 - 23.3,
Symptoms of Depressive Disorder,By Gender,United States,Female,3,May 14 - May 19,26.7,25.8,27.6,25.8 - 27.6,
Symptoms of Depressive Disorder,By Race/Hispanic ethnicity,United States,Hispanic or Latino,3,May 14 - May 19,28.9,26.5,31.4,26.5 - 31.4,
Symptoms of Depressive Disorder,By Race/Hispanic ethnicity,United States,"Non-Hispanic white, single race",3,May 14 - May 19,22.7,22.0,23.5,22.0 - 23.5,
Symptoms of Depressive Disorder,By Race/Hispanic ethnicity,United States,"Non-Hispanic black, single race",3,May 14 - May 19,28.5,26.5,30.6,26.5 - 30.6,
Symptoms of Depressive Disorder,By Race/Hispanic ethnicity,United States,"Non-Hispanic Asian, single race",3,May 14 - May 19,20.9,17.8,24.2,17.8 - 24.2,
Symptoms of Depressive Disorder,By Race/Hispanic ethnicity,United States,"Non-Hispanic, other races and multiple races",3,May 14 - May 19,27.1,23.9,30.6,23.9 - 30.6,
Symptoms of Depressive Disorder,By Education,United States,Less than a high school diploma,3,May 14 - May 19,31.3,27.2,35.8,27.2 - 35.8,
Symptoms of Depressive Disorder,By Education,United States,High school diploma or GED,3,May 14 - May 19,27.8,26.1,29.5,26.1 - 29.5,
Symptoms of Depressive Disorder,By Education,United States,Some college/Associate's degree,3,May 14 - May 19,26.8,25.3,28.4,25.3 - 28.4,
Symptoms of Depressive Disorder,By Education,United States,Bachelor's degree or higher,3,May 14 - May 19,17.3,16.3,18.3,16.3 - 18.3,
Symptoms of Depressive Disorder,By State,Alabama,Alabama,3,May 14 - May 19,19.6,15.6,24.2,15.6 - 24.2,18.1-20.7
Symptoms of Depressive Disorder,By State,Alaska,Alaska,3,May 14 - May 19,23.6,19.5,28.2,19.5 - 28.2,23.3-25.6
Symptoms of Depressive Disorder,By State,Arizona,Arizona,3,May 14 - May 19,20.0,16.3,24.2,16.3 - 24.2,18.1-20.7
Symptoms of Depressive Disorder,By State,Arkansas,Arkansas,3,May 14 - May 19,28.9,24.4,33.6,24.4 - 33.6,25.7-36.4
Symptoms of Depressive Disorder,By State,California,California,3,May 14 - May 19,28.7,25.3,32.4,25.3 - 32.4,25.7-36.4
Symptoms of Depressive Disorder,By State,Colorado,Colorado,3,May 14 - May 19,23.7,19.9,27.8,19.9 - 27.8,23.3-25.6
Symptoms of Depressive Disorder,By State,Connecticut,Connecticut,3,May 14 - May 19,20.2,16.5,24.3,16.5 - 24.3,18.1-20.7
Symptoms of Depressive Disorder,By State,Delaware,Delaware,3,May 14 - May 19,21.8,17.9,26.2,17.9 - 26.2,20.8-23.2
Symptoms of Depressive Disorder,By State,District of Columbia,District of Columbia,3,May 14 - May 19,25.9,18.9,33.9,18.9 - 33.9,25.7-36.4
Symptoms of Depressive Disorder,By State,Florida,Florida,3,May 14 - May 19,24.3,21.1,27.7,21.1 - 27.7,23.3-25.6
Symptoms of Depressive Disorder,By State,Georgia,Georgia,3,May 14 - May 19,24.8,20.7,29.2,20.7 - 29.2,23.3-25.6
Symptoms of Depressive Disorder,By State,Hawaii,Hawaii,3,May 14 - May 19,21.3,16.5,26.8,16.5 - 26.8,20.8-23.2
Symptoms of Depressive Disorder,By State,Idaho,Idaho,3,May 14 - May 19,18.1,14.1,22.8,14.1 - 22.8,18.1-20.7
Symptoms of Depressive Disorder,By State,Illinois,Illinois,3,May 14 - May 19,24.3,20.4,28.5,20.4 - 28.5,23.3-25.6
Symptoms of Depressive Disorder,By State,Indiana,Indiana,3,May 14 - May 19,24.5,20.2,29.2,20.2 - 29.2,23.3-25.6
Symptoms of Depressive Disorder,By State,Iowa,Iowa,3,May 14 - May 19,18.6,14.1,23.9,14.1 - 23.9,18.1-20.7
Symptoms of Depressive Disorder,By State,Kansas,Kansas,3,May 14 - May 19,21.2,17.9,24.8,17.9 - 24.8,20.8-23.2
Symptoms of Depressive Disorder,By State,Kentucky,Kentucky,3,May 14 - May 19,22.8,18.8,27.1,18.8 - 27.1,20.8-23.2
Symptoms of Depressive Disorder,By State,Louisiana,Louisiana,3,May 14 - May 19,26.5,21.3,32.1,21.3 - 32.1,25.7-36.4
Symptoms of Depressive Disorder,By State,Maine,Maine,3,May 14 - May 19,25.6,20.3,31.4,20.3 - 31.4,23.3-25.6
Symptoms of Depressive Disorder,By State,Maryland,Maryland,3,May 14 - May 19,20.8,17.9,24.0,17.9 - 24.0,20.8-23.2
Symptoms of Depressive Disorder,By State,Massachusetts,Massachusetts,3,May 14 - May 19,22.8,20.4,25.4,20.4 - 25.4,20.8-23.2
Symptoms of Depressive Disorder,By State,Michigan,Michigan,3,May 14 - May 19,27.9,23.8,32.2,23.8 - 32.2,25.7-36.4
Symptoms of Depressive Disorder,By State,Minnesota,Minnesota,3,May 14 - May 19,20.0,16.5,23.9,16.5 - 23.9,18.1-20.7
Symptoms of Depressive Disorder,By State,Mississippi,Mississippi,3,May 14 - May 19,36.4,30.8,42.4,30.8 - 42.4,25.7-36.4
Symptoms of Depressive Disorder,By State,Missouri,Missouri,3,May 14 - May 19,24.3,19.1,30.0,19.1 - 30.0,23.3-25.6
Symptoms of Depressive Disorder,By State,Montana,Montana,3,May 14 - May 19,21.1,16.3,26.6,16.3 - 26.6,20.8-23.2
Symptoms of Depressive Disorder,By State,Nebraska,Nebraska,3,May 14 - May 19,20.4,16.2,25.2,16.2 - 25.2,18.1-20.7
Symptoms of Depressive Disorder,By State,Nevada,Nevada,3,May 14 - May 19,26.9,22.6,31.6,22.6 - 31.6,25.7-36.4
Symptoms of Depressive Disorder,By State,New Hampshire,New Hampshire,3,May 14 - May 19,20.3,16.8,24.2,16.8 - 24.2,18.1-20.7
Symptoms of Depressive Disorder,By State,New Jersey,New Jersey,3,May 14 - May 19,26.9,22.5,31.6,22.5 - 31.6,25.7-36.4
Symptoms of Depressive Disorder,By State,New Mexico,New Mexico,3,May 14 - May 19,28.4,23.9,33.3,23.9 - 33.3,25.7-36.4
Symptoms of Depressive Disorder,By State,New York,New York,3,May 14 - May 19,23.8,20.0,28.0,20.0 - 28.0,23.3-25.6
Symptoms of Depressive Disorder,By State,North Carolina,North Carolina,3,May 14 - May 19,22.6,17.3,28.7,17.3 - 28.7,20.8-23.2
Symptoms of Depressive Disorder,By State,North Dakota,North Dakota,3,May 14 - May 19,22.5,16.9,29.0,16.9 - 29.0,20.8-23.2
Symptoms of Depressive Disorder,By State,Ohio,Ohio,3,May 14 - May 19,27.0,21.8,32.7,21.8 - 32.7,25.7-36.4
Symptoms of Depressive Disorder,By State,Oklahoma,Oklahoma,3,May 14 - May 19,25.7,20.2,31.7,20.2 - 31.7,25.7-36.4
Symptoms of Depressive Disorder,By State,Oregon,Oregon,3,May 14 - May 19,22.7,19.4,26.4,19.4 - 26.4,20.8-23.2
Symptoms of Depressive Disorder,By State,Pennsylvania,Pennsylvania,3,May 14 - May 19,19.8,16.1,24.0,16.1 - 24.0,18.1-20.7
Symptoms of Depressive Disorder,By State,Rhode Island,Rhode Island,3,May 14 - May 19,18.8,14.3,24.0,14.3 - 24.0,18.1-20.7
Symptoms of Depressive Disorder,By State,South Carolina,South Carolina,3,May 14 - May 19,25.3,21.3,29.7,21.3 - 29.7,23.3-25.6
Symptoms of Depressive Disorder,By State,South Dakota,South Dakota,3,May 14 - May 19,22.7,16.7,29.7,16.7 - 29.7,20.8-23.2
Symptoms of Depressive Disorder,By State,Tennessee,Tennessee,3,May 14 - May 19,25.6,21.6,29.9,21.6 - 29.9,23.3-25.6
Symptoms of Depressive Disorder,By State,Texas,Texas,3,May 14 - May 19,24.9,21.8,28.1,21.8 - 28.1,23.3-25.6
Symptoms of Depressive Disorder,By State,Utah,Utah,3,May 14 - May 19,21.2,17.8,24.9,17.8 - 24.9,20.8-23.2
Symptoms of Depressive Disorder,By State,Vermont,Vermont,3,May 14 - May 19,19.0,15.4,23.1,15.4 - 23.1,18.1-20.7
Symptoms of Depressive Disorder,By State,Virginia,Virginia,3,May 14 - May 19,25.4,21.7,29.4,21.7 - 29.4,23.3-25.6
Symptoms of Depressive Disorder,By State,Washington,Washington,3,May 14 - May 19,23.2,20.2,26.5,20.2 - 26.5,20.8-23.2
Symptoms of Depressive Disorder,By State,West Virginia,West Virginia,3,May 14 - May 19,27.0,20.9,33.9,20.9 - 33.9,25.7-36.4
Symptoms of Depressive Disorder,By State,Wisconsin,Wisconsin,3,May 14 - May 19,20.3,16.3,24.7,16.3 - 24.7,18.1-20.7
Symptoms of Depressive Disorder,By State,Wyoming,Wyoming,3,May 14 - May 19,20.7,15.1,27.2,15.1 - 27.2,18.1-20.7
Symptoms of Anxiety Disorder,National Estimate,United States,United States,3,May 14 - May 19,28.2,27.6,28.9,27.6 - 28.9,
Symptoms of Anxiety Disorder,By Age,United States,18 - 29 years,3,May 14 - May 19,38.6,36.2,41.1,36.2 - 41.1,
Symptoms of Anxiety Disorder,By Age,United States,30 - 39 years,3,May 14 - May 19,32.2,30.3,34.1,30.3 - 34.1,
Symptoms of Anxiety Disorder,By Age,United States,40 - 49 years,3,May 14 - May 19,30.7,28.9,32.5,28.9 - 32.5,
Symptoms of Anxiety Disorder,By Age,United States,50 - 59 years,3,May 14 - May 19,28.4,26.6,30.3,26.6 - 30.3,
Symptoms of Anxiety Disorder,By Age,United States,60 - 69 years,3,May 14 - May 19,22.3,20.7,24.0,20.7 - 24.0,
Symptoms of Anxiety Disorder,By Age,United States,70 - 79 years,3,May 14 - May 19,13.4,12.0,15.0,12.0 - 15.0,
Symptoms of Anxiety Disorder,By Age,United States,80 years and above,3,May 14 - May 19,11.8,8.8,15.3,8.8 - 15.3,
Symptoms of Anxiety Disorder,By Gender,United States,Male,3,May 14 - May 19,24.2,23.2,25.2,23.2 - 25.2,
Symptoms of Anxiety Disorder,By Gender,United States,Female,3,May 14 - May 19,32.1,31.0,33.1,31.0 - 33.1,
Symptoms of Anxiety Disorder,By Race/Hispanic ethnicity,United States,Hispanic or Latino,3,May 14 - May 19,33.6,31.1,36.2,31.1 - 36.2,
Symptoms of Anxiety Disorder,By Race/Hispanic ethnicity,United States,"Non-Hispanic white, single race",3,May 14 - May 19,26.3,25.4,27.2,25.4 - 27.2,
Symptoms of Anxiety Disorder,By Race/Hispanic ethnicity,United States,"Non-Hispanic black, single race",3,May 14 - May 19,32.7,30.7,34.7,30.7 - 34.7,
Symptoms of Anxiety Disorder,By Race/Hispanic ethnicity,United States,"Non-Hispanic Asian, single race",3,May 14 - May 19,23.4,20.9,26.2,20.9 - 26.2,
Symptoms of Anxiety Disorder,By Race/Hispanic ethnicity,United States,"Non-Hispanic, other races and multiple races",3,May 14 - May 19,31.3,27.6,35.2,27.6 - 35.2,
Symptoms of Anxiety Disorder,By Education,United States,Less than a high school diploma,3,May 14 - May 19,34.3,30.3,38.5,30.3 - 38.5,
Symptoms of Anxiety Disorder,By Education,United States,High school diploma or GED,3,May 14 - May 19,30.5,28.7,32.4,28.7 - 32.4,
Symptoms of Anxiety Disorder,By Education,United States,Some college/Associate's degree,3,May 14 - May 19,30.2,28.7,31.7,28.7 - 31.7,
Symptoms of Anxiety Disorder,By Education,United States,Bachelor's degree or higher,3,May 14 - May 19,22.7,21.7,23.6,21.7 - 23.6,
Symptoms of Anxiety Disorder,By State,Alabama,Alabama,3,May 14 - May 19,20.7,16.7,25.1,16.7 - 25.1,19.0-25.2
Symptoms of Anxiety Disorder,By State,Alaska,Alaska,3,May 14 - May 19,26.2,22.0,30.7,22.0 - 30.7,25.3-27.4
Symptoms of Anxiety Disorder,By State,Arizona,Arizona,3,May 14 - May 19,29.0,25.1,33.2,25.1 - 33.2,28.9-36.1
Symptoms of Anxiety Disorder,By State,Arkansas,Arkansas,3,May 14 - May 19,28.7,24.7,32.9,24.7 - 32.9,27.5-28.8
Symptoms of Anxiety Disorder,By State,California,California,3,May 14 - May 19,32.3,29.0,35.7,29.0 - 35.7,28.9-36.1
Symptoms of Anxiety Disorder,By State,Colorado,Colorado,3,May 14 - May 19,27.6,24.2,31.3,24.2 - 31.3,27.5-28.8
Symptoms of Anxiety Disorder,By State,Connecticut,Connecticut,3,May 14 - May 19,28.7,24.2,33.5,24.2 - 33.5,27.5-28.8
Symptoms of Anxiety Disorder,By State,Delaware,Delaware,3,May 14 - May 19,26.6,22.0,31.6,22.0 - 31.6,25.3-27.4
Symptoms of Anxiety Disorder,By State,District of Columbia,District of Columbia,3,May 14 - May 19,33.3,26.0,41.3,26.0 - 41.3,28.9-36.1
Symptoms of Anxiety Disorder,By State,Florida,Florida,3,May 14 - May 19,28.2,25.1,31.4,25.1 - 31.4,27.5-28.8
Symptoms of Anxiety Disorder,By State,Georgia,Georgia,3,May 14 - May 19,27.6,23.7,31.7,23.7 - 31.7,27.5-28.8
Symptoms of Anxiety Disorder,By State,Hawaii,Hawaii,3,May 14 - May 19,24.1,19.0,29.8,19.0 - 29.8,19.0-25.2
Symptoms of Anxiety Disorder,By State,Idaho,Idaho,3,May 14 - May 19,24.0,19.4,29.2,19.4 - 29.2,19.0-25.2
Symptoms of Anxiety Disorder,By State,Illinois,Illinois,3,May 14 - May 19,28.5,24.7,32.6,24.7 - 32.6,27.5-28.8
Symptoms of Anxiety Disorder,By State,Indiana,Indiana,3,May 14 - May 19,32.6,27.5,38.0,27.5 - 38.0,28.9-36.1
Symptoms of Anxiety Disorder,By State,Iowa,Iowa,3,May 14 - May 19,19.0,14.7,24.0,14.7 - 24.0,19.0-25.2
Symptoms of Anxiety Disorder,By State,Kansas,Kansas,3,May 14 - May 19,26.7,22.8,30.9,22.8 - 30.9,25.3-27.4
Symptoms of Anxiety Disorder,By State,Kentucky,Kentucky,3,May 14 - May 19,27.7,23.5,32.2,23.5 - 32.2,27.5-28.8
Symptoms of Anxiety Disorder,By State,Louisiana,Louisiana,3,May 14 - May 19,27.9,22.8,33.5,22.8 - 33.5,27.5-28.8
Symptoms of Anxiety Disorder,By State,Maine,Maine,3,May 14 - May 19,30.6,24.7,36.9,24.7 - 36.9,28.9-36.1
Symptoms of Anxiety Disorder,By State,Maryland,Maryland,3,May 14 - May 19,28.3,25.1,31.7,25.1 - 31.7,27.5-28.8
Symptoms of Anxiety Disorder,By State,Massachusetts,Massachusetts,3,May 14 - May 19,27.4,24.1,30.9,24.1 - 30.9,25.3-27.4
Symptoms of Anxiety Disorder,By State,Michigan,Michigan,3,May 14 - May 19,28.5,24.4,32.9,24.4 - 32.9,27.5-28.8
Symptoms of Anxiety Disorder,By State,Minnesota,Minnesota,3,May 14 - May 19,27.1,22.7,31.9,22.7 - 31.9,25.3-27.4
Symptoms of Anxiety Disorder,By State,Mississippi,Mississippi,3,May 14 - May 19,36.1,29.1,43.6,29.1 - 43.6,28.9-36.1
Symptoms of Anxiety Disorder,By State,Missouri,Missouri,3,May 14 - May 19,30.4,25.2,36.0,25.2 - 36.0,28.9-36.1
Symptoms of Anxiety Disorder,By State,Montana,Montana,3,May 14 - May 19,25.7,20.7,31.1,20.7 - 31.1,25.3-27.4
Symptoms of Anxiety Disorder,By State,Nebraska,Nebraska,3,May 14 - May 19,23.3,18.8,28.4,18.8 - 28.4,19.0-25.2
Symptoms of Anxiety Disorder,By State,Nevada,Nevada,3,May 14 - May 19,29.0,25.0,33.3,25.0 - 33.3,28.9-36.1
Symptoms of Anxiety Disorder,By State,New Hampshire,New Hampshire,3,May 14 - May 19,25.2,21.2,29.5,21.2 - 29.5,19.0-25.2
Symptoms of Anxiety Disorder,By State,New Jersey,New Jersey,3,May 14 - May 19,34.4,29.1,40.0,29.1 - 40.0,28.9-36.1
Symptoms of Anxiety Disorder,By State,New Mexico,New Mexico,3,May 14 - May 19,29.6,25.4,34.2,25.4 - 34.2,28.9-36.1
Symptoms of Anxiety Disorder,By State,New York,New York,3,May 14 - May 19,26.8,23.1,30.8,23.1 - 30.8,25.3-27.4
Symptoms of Anxiety Disorder,By State,North Carolina,North Carolina,3,May 14 - May 19,28.4,23.4,33.9,23.4 - 33.9,27.5-28.8
Symptoms of Anxiety Disorder,By State,North Dakota,North Dakota,3,May 14 - May 19,26.2,19.7,33.5,19.7 - 33.5,25.3-27.4
Symptoms of Anxiety Disorder,By State,Ohio,Ohio,3,May 14 - May 19,26.2,22.5,30.2,22.5 - 30.2,25.3-27.4
Symptoms of Anxiety Disorder,By State,Oklahoma,Oklahoma,3,May 14 - May 19,25.2,19.8,31.3,19.8 - 31.3,19.0-25.2
Symptoms of Anxiety Disorder,By State,Oregon,Oregon,3,May 14 - May 19,24.2,20.3,28.4,20.3 - 28.4,19.0-25.2
Symptoms of Anxiety Disorder,By State,Pennsylvania,Pennsylvania,3,May 14 - May 19,25.8,22.3,29.5,22.3 - 29.5,25.3-27.4
Symptoms of Anxiety Disorder,By State,Rhode Island,Rhode Island,3,May 14 - May 19,23.9,18.8,29.6,18.8 - 29.6,19.0-25.2
Symptoms of Anxiety Disorder,By State,South Carolina,South Carolina,3,May 14 - May 19,28.5,23.8,33.5,23.8 - 33.5,27.5-28.8
Symptoms of Anxiety Disorder,By State,South Dakota,South Dakota,3,May 14 - May 19,22.3,16.4,29.1,16.4 - 29.1,19.0-25.2
Symptoms of Anxiety Disorder,By State,Tennessee,Tennessee,3,May 14 - May 19,24.8,20.5,29.5,20.5 - 29.5,19.0-25.2
Symptoms of Anxiety Disorder,By State,Texas,Texas,3,May 14 - May 19,28.8,26.1,31.7,26.1 - 31.7,27.5-28.8
Symptoms of Anxiety Disorder,By State,Utah,Utah,3,May 14 - May 19,26.1,22.4,30.1,22.4 - 30.1,25.3-27.4
Symptoms of Anxiety Disorder,By State,Vermont,Vermont,3,May 14 - May 19,25.8,21.5,30.4,21.5 - 30.4,25.3-27.4
Symptoms of Anxiety Disorder,By State,Virginia,Virginia,3,May 14 - May 19,26.8,23.3,30.6,23.3 - 30.6,25.3-27.4
Symptoms of Anxiety Disorder,By State,Washington,Washington,3,May 14 - May 19,28.9,25.8,32.1,25.8 - 32.1,28.9-36.1
Symptoms of Anxiety Disorder,By State,West Virginia,West Virginia,3,May 14 - May 19,29.3,22.0,37.4,22.0 - 37.4,28.9-36.1
Symptoms of Anxiety Disorder,By State,Wisconsin,Wisconsin,3,May 14 - May 19,23.4,18.8,28.5,18.8 - 28.5,19.0-25.2
Symptoms of Anxiety Disorder,By State,Wyoming,Wyoming,3,May 14 - May 19,24.1,17.7,31.6,17.7 - 31.6,19.0-25.2
Symptoms of Anxiety Disorder or Depressive Disorder,National Estimate,United States,United States,3,May 14 - May 19,33.9,33.1,34.7,33.1 - 34.7,
Symptoms of Anxiety Disorder or Depressive Disorder,By Age,United States,18 - 29 years,3,May 14 - May 19,47.7,45.1,50.4,45.1 - 50.4,
Symptoms of Anxiety Disorder or Depressive Disorder,By Age,United States,30 - 39 years,3,May 14 - May 19,37.8,35.7,39.9,35.7 - 39.9,
Symptoms of Anxiety Disorder or Depressive Disorder,By Age,United States,40 - 49 years,3,May 14 - May 19,35.3,33.5,37.1,33.5 - 37.1,
Symptoms of Anxiety Disorder or Depressive Disorder,By Age,United States,50 - 59 years,3,May 14 - May 19,33.7,31.8,35.7,31.8 - 35.7,
Symptoms of Anxiety Disorder or Depressive Disorder,By Age,United States,60 - 69 years,3,May 14 - May 19,26.4,24.7,28.1,24.7 - 28.1,
Symptoms of Anxiety Disorder or Depressive Disorder,By Age,United States,70 - 79 years,3,May 14 - May 19,18.3,16.3,20.4,16.3 - 20.4,
Symptoms of Anxiety Disorder or Depressive Disorder,By Age,United States,80 years and above,3,May 14 - May 19,17.1,13.4,21.5,13.4 - 21.5,
Symptoms of Anxiety Disorder or Depressive Disorder,By Gender,United States,Male,3,May 14 - May 19,29.9,28.7,31.1,28.7 - 31.1,
Symptoms of Anxiety Disorder or Depressive Disorder,By Gender,United States,Female,3,May 14 - May 19,37.6,36.5,38.7,36.5 - 38.7,
Symptoms of Anxiety Disorder or Depressive Disorder,By Race/Hispanic ethnicity,United States,Hispanic or Latino,3,May 14 - May 19,40.7,38.0,43.4,38.0 - 43.4,
Symptoms of Anxiety Disorder or Depressive Disorder,By Race/Hispanic ethnicity,United States,"Non-Hispanic white, single race",3,May 14 - May 19,31.3,30.4,32.1,30.4 - 32.1,
Symptoms of Anxiety Disorder or Depressive Disorder,By Race/Hispanic ethnicity,United States,"Non-Hispanic black, single race",3,May 14 - May 19,39.4,37.2,41.6,37.2 - 41.6,
Symptoms of Anxiety Disorder or Depressive Disorder,By Race/Hispanic ethnicity,United States,"Non-Hispanic Asian, single race",3,May 14 - May 19,30.2,27.1,33.5,27.1 - 33.5,
Symptoms of Anxiety Disorder or Depressive Disorder,By Race/Hispanic ethnicity,United States,"Non-Hispanic, other races and multiple races",3,May 14 - May 19,37.2,33.3,41.2,33.3 - 41.2,
Symptoms of Anxiety Disorder or Depressive Disorder,By Education,United States,Less than a high school diploma,3,May 14 - May 19,40.9,36.2,45.8,36.2 - 45.8,
Symptoms of Anxiety Disorder or Depressive Disorder,By Education,United States,High school diploma or GED,3,May 14 - May 19,37.6,36.0,39.3,36.0 - 39.3,
Symptoms of Anxiety Disorder or Depressive Disorder,By Education,United States,Some college/Associate's degree,3,May 14 - May 19,36.1,34.5,37.8,34.5 - 37.8,
Symptoms of Anxiety Disorder or Depressive Disorder,By Education,United States,Bachelor's degree or higher,3,May 14 - May 19,26.4,25.3,27.5,25.3 - 27.5,
Symptoms of Anxiety Disorder or Depressive Disorder,By State,Alabama,Alabama,3,May 14 - May 19,25.2,20.5,30.3,20.5 - 30.3,23.8-29.7
Symptoms of Anxiety Disorder or Depressive Disorder,By State,Alaska,Alaska,3,May 14 - May 19,32.7,27.8,37.9,27.8 - 37.9,32.6-34.9
Symptoms of Anxiety Disorder or Depressive Disorder,By State,Arizona,Arizona,3,May 14 - May 19,32.1,28.0,36.3,28.0 - 36.3,29.8-32.5
Symptoms of Anxiety Disorder or Depressive Disorder,By State,Arkansas,Arkansas,3,May 14 - May 19,35.2,30.9,39.7,30.9 - 39.7,35.0-44.3
Symptoms of Anxiety Disorder or Depressive Disorder,By State,California,California,3,May 14 - May 19,38.8,35.1,42.6,35.1 - 42.6,35.0-44.3
Symptoms of Anxiety Disorder or Depressive Disorder,By State,Colorado,Colorado,3,May 14 - May 19,33.1,29.2,37.1,29.2 - 37.1,32.6-34.9
Symptoms of Anxiety Disorder or Depressive Disorder,By State,Connecticut,Connecticut,3,May 14 - May 19,33.9,29.1,39.1,29.1 - 39.1,32.6-34.9
Symptoms of Anxiety Disorder or Depressive Disorder,By State,Delaware,Delaware,3,May 14 - May 19,31.8,26.8,37.1,26.8 - 37.1,29.8-32.5
Symptoms of Anxiety Disorder or Depressive Disorder,By State,District of Columbia,District of Columbia,3,May 14 - May 19,37.3,29.7,45.4,29.7 - 45.4,35.0-44.3
Symptoms of Anxiety Disorder or Depressive Disorder,By State,Florida,Florida,3,May 14 - May 19,33.5,30.2,37.0,30.2 - 37.0,32.6-34.9
Symptoms of Anxiety Disorder or Depressive Disorder,By State,Georgia,Georgia,3,May 14 - May 19,33.6,29.1,38.3,29.1 - 38.3,32.6-34.9
Symptoms of Anxiety Disorder or Depressive Disorder,By State,Hawaii,Hawaii,3,May 14 - May 19,29.1,23.4,35.4,23.4 - 35.4,23.8-29.7
Symptoms of Anxiety Disorder or Depressive Disorder,By State,Idaho,Idaho,3,May 14 - May 19,27.6,22.5,33.2,22.5 - 33.2,23.8-29.7
Symptoms of Anxiety Disorder or Depressive Disorder,By State,Illinois,Illinois,3,May 14 - May 19,35.2,31.1,39.4,31.1 - 39.4,35.0-44.3
Symptoms of Anxiety Disorder or Depressive Disorder,By State,Indiana,Indiana,3,May 14 - May 19,37.3,32.4,42.5,32.4 - 42.5,35.0-44.3
Symptoms of Anxiety Disorder or Depressive Disorder,By State,Iowa,Iowa,3,May 14 - May 19,23.8,19.0,29.1,19.0 - 29.1,23.8-29.7
Symptoms of Anxiety Disorder or Depressive Disorder,By State,Kansas,Kansas,3,May 14 - May 19,31.1,27.0,35.4,27.0 - 35.4,29.8-32.5
Symptoms of Anxiety Disorder or Depressive Disorder,By State,Kentucky,Kentucky,3,May 14 - May 19,35.5,30.7,40.4,30.7 - 40.4,35.0-44.3
Symptoms of Anxiety Disorder or Depressive Disorder,By State,Louisiana,Louisiana,3,May 14 - May 19,34.2,28.3,40.6,28.3 - 40.6,32.6-34.9
Symptoms of Anxiety Disorder or Depressive Disorder,By State,Maine,Maine,3,May 14 - May 19,34.2,28.5,40.1,28.5 - 40.1,32.6-34.9
Symptoms of Anxiety Disorder or Depressive Disorder,By State,Maryland,Maryland,3,May 14 - May 19,32.7,28.8,36.8,28.8 - 36.8,32.6-34.9
Symptoms of Anxiety Disorder or Depressive Disorder,By State,Massachusetts,Massachusetts,3,May 14 - May 19,32.0,28.8,35.4,28.8 - 35.4,29.8-32.5
Symptoms of Anxiety Disorder or Depressive Disorder,By State,Michigan,Michigan,3,May 14 - May 19,35.0,30.7,39.5,30.7 - 39.5,35.0-44.3
Symptoms of Anxiety Disorder or Depressive Disorder,By State,Minnesota,Minnesota,3,May 14 - May 19,29.7,25.2,34.5,25.2 - 34.5,23.8-29.7
Symptoms of Anxiety Disorder or Depressive Disorder,By State,Mississippi,Mississippi,3,May 14 - May 19,44.3,37.4,51.3,37.4 - 51.3,35.0-44.3
Symptoms of Anxiety Disorder or Depressive Disorder,By State,Missouri,Missouri,3,May 14 - May 19,35.4,29.6,41.6,29.6 - 41.6,35.0-44.3
Symptoms of Anxiety Disorder or Depressive Disorder,By State,Montana,Montana,3,May 14 - May 19,29.7,24.4,35.4,24.4 - 35.4,23.8-29.7
Symptoms of Anxiety Disorder or Depressive Disorder,By State,Nebraska,Nebraska,3,May 14 - May 19,26.2,21.5,31.3,21.5 - 31.3,23.8-29.7
Symptoms of Anxiety Disorder or Depressive Disorder,By State,Nevada,Nevada,3,May 14 - May 19,36.9,32.8,41.2,32.8 - 41.2,35.0-44.3
Symptoms of Anxiety Disorder or Depressive Disorder,By State,New Hampshire,New Hampshire,3,May 14 - May 19,28.8,24.5,33.3,24.5 - 33.3,23.8-29.7
Symptoms of Anxiety Disorder or Depressive Disorder,By State,New Jersey,New Jersey,3,May 14 - May 19,39.3,34.0,44.8,34.0 - 44.8,35.0-44.3
Symptoms of Anxiety Disorder or Depressive Disorder,By State,New Mexico,New Mexico,3,May 14 - May 19,37.4,32.7,42.3,32.7 - 42.3,35.0-44.3
Symptoms of Anxiety Disorder or Depressive Disorder,By State,New York,New York,3,May 14 - May 19,34.9,30.5,39.5,30.5 - 39.5,32.6-34.9
Symptoms of Anxiety Disorder or Depressive Disorder,By State,North Carolina,North Carolina,3,May 14 - May 19,32.2,26.8,38.0,26.8 - 38.0,29.8-32.5
Symptoms of Anxiety Disorder or Depressive Disorder,By State,North Dakota,North Dakota,3,May 14 - May 19,31.9,24.9,39.4,24.9 - 39.4,29.8-32.5
Symptoms of Anxiety Disorder or Depressive Disorder,By State,Ohio,Ohio,3,May 14 - May 19,33.9,28.5,39.5,28.5 - 39.5,32.6-34.9
Symptoms of Anxiety Disorder or Depressive Disorder,By State,Oklahoma,Oklahoma,3,May 14 - May 19,29.8,24.2,35.9,24.2 - 35.9,29.8-32.5
Symptoms of Anxiety Disorder or Depressive Disorder,By State,Oregon,Oregon,3,May 14 - May 19,31.7,27.8,35.7,27.8 - 35.7,29.8-32.5
Symptoms of Anxiety Disorder or Depressive Disorder,By State,Pennsylvania,Pennsylvania,3,May 14 - May 19,30.0,26.1,34.0,26.1 - 34.0,29.8-32.5
Symptoms of Anxiety Disorder or Depressive Disorder,By State,Rhode Island,Rhode Island,3,May 14 - May 19,26.2,20.9,32.0,20.9 - 32.0,23.8-29.7
Symptoms of Anxiety Disorder or Depressive Disorder,By State,South Carolina,South Carolina,3,May 14 - May 19,31.3,26.6,36.3,26.6 - 36.3,29.8-32.5
Symptoms of Anxiety Disorder or Depressive Disorder,By State,South Dakota,South Dakota,3,May 14 - May 19,27.8,21.1,35.2,21.1 - 35.2,23.8-29.7
Symptoms of Anxiety Disorder or Depressive Disorder,By State,Tennessee,Tennessee,3,May 14 - May 19,32.5,27.9,37.4,27.9 - 37.4,29.8-32.5
Symptoms of Anxiety Disorder or Depressive Disorder,By State,Texas,Texas,3,May 14 - May 19,34.8,31.8,37.9,31.8 - 37.9,32.6-34.9
Symptoms of Anxiety Disorder or Depressive Disorder,By State,Utah,Utah,3,May 14 - May 19,30.3,26.5,34.2,26.5 - 34.2,29.8-32.5
Symptoms of Anxiety Disorder or Depressive Disorder,By State,Vermont,Vermont,3,May 14 - May 19,29.6,25.3,34.2,25.3 - 34.2,23.8-29.7
Symptoms of Anxiety Disorder or Depressive Disorder,By State,Virginia,Virginia,3,May 14 - May 19,32.2,28.5,35.9,28.5 - 35.9,29.8-32.5
Symptoms of Anxiety Disorder or Depressive Disorder,By State,Washington,Washington,3,May 14 - May 19,33.0,29.8,36.2,29.8 - 36.2,32.6-34.9
Symptoms of Anxiety Disorder or Depressive Disorder,By State,West Virginia,West Virginia,3,May 14 - May 19,34.3,27.4,41.6,27.4 - 41.6,32.6-34.9
Symptoms of Anxiety Disorder or Depressive Disorder,By State,Wisconsin,Wisconsin,3,May 14 - May 19,28.0,23.0,33.4,23.0 - 33.4,23.8-29.7
Symptoms of Anxiety Disorder or Depressive Disorder,By State,Wyoming,Wyoming,3,May 14 - May 19,28.0,21.0,35.8,21.0 - 35.8,23.8-29.7
